file,scenario,cyclist_true_d_idx,cyclist_true_r_idx,vehicle_true_d_idx,vehicle_true_r_idx,valid_cyclist,valid_vehicle,valid_all,source_index,cyclist_true_angle_deg,vehicle_true_angle_deg
./learn_dataset_narrow_angle_single\sample_00000.npz,cyclist_only,1,168,0,0,True,0,1,1,2.838631703841283,0.0
./learn_dataset_narrow_angle_single\sample_00001.npz,cyclist_only,1,168,0,0,True,0,1,2,2.840779672661058,0.0
./learn_dataset_narrow_angle_single\sample_00002.npz,cyclist_only,1,168,0,0,True,0,1,3,2.8429290811670236,0.0
./learn_dataset_narrow_angle_single\sample_00003.npz,cyclist_only,1,168,0,0,True,0,1,4,2.8450799308010404,0.0
./learn_dataset_narrow_angle_single\sample_00004.npz,cyclist_only,1,167,0,0,True,0,1,5,2.8472322230068934,0.0
./learn_dataset_narrow_angle_single\sample_00005.npz,cyclist_only,1,167,0,0,True,0,1,6,2.8493859592302835,0.0
./learn_dataset_narrow_angle_single\sample_00006.npz,cyclist_only,1,167,0,0,True,0,1,7,2.8515411409188363,0.0
./learn_dataset_narrow_angle_single\sample_00007.npz,cyclist_only,1,167,0,0,True,0,1,8,2.85369776952211,0.0
./learn_dataset_narrow_angle_single\sample_00008.npz,cyclist_only,1,166,0,0,True,0,1,9,2.8558558464915866,0.0
./learn_dataset_narrow_angle_single\sample_00009.npz,cyclist_only,1,166,0,0,True,0,1,10,2.858015373280687,0.0
./learn_dataset_narrow_angle_single\sample_00010.npz,cyclist_only,1,166,0,0,True,0,1,11,2.8601763513447684,0.0
./learn_dataset_narrow_angle_single\sample_00011.npz,cyclist_only,1,166,0,0,True,0,1,12,2.862338782141123,0.0
./learn_dataset_narrow_angle_single\sample_00012.npz,cyclist_only,1,165,0,0,True,0,1,13,2.8645026671289946,0.0
./learn_dataset_narrow_angle_single\sample_00013.npz,cyclist_only,1,165,0,0,True,0,1,14,2.866668007769566,0.0
./learn_dataset_narrow_angle_single\sample_00014.npz,cyclist_only,1,165,0,0,True,0,1,15,2.8688348055259776,0.0
./learn_dataset_narrow_angle_single\sample_00015.npz,cyclist_only,1,165,0,0,True,0,1,16,2.8710030618633158,0.0
./learn_dataset_narrow_angle_single\sample_00016.npz,cyclist_only,1,164,0,0,True,0,1,17,2.8731727782486263,0.0
./learn_dataset_narrow_angle_single\sample_00017.npz,cyclist_only,1,164,0,0,True,0,1,18,2.8753439561509166,0.0
./learn_dataset_narrow_angle_single\sample_00018.npz,cyclist_only,1,164,0,0,True,0,1,19,2.877516597041154,0.0
./learn_dataset_narrow_angle_single\sample_00019.npz,cyclist_only,1,164,0,0,True,0,1,20,2.8796907023922738,0.0
./learn_dataset_narrow_angle_single\sample_00020.npz,cyclist_only,1,163,0,0,True,0,1,21,2.88186627367918,0.0
./learn_dataset_narrow_angle_single\sample_00021.npz,cyclist_only,1,163,0,0,True,0,1,22,2.884043312378748,0.0
./learn_dataset_narrow_angle_single\sample_00022.npz,cyclist_only,1,163,0,0,True,0,1,23,2.886221819969833,0.0
./learn_dataset_narrow_angle_single\sample_00023.npz,cyclist_only,1,162,0,0,True,0,1,24,2.888401797933265,0.0
./learn_dataset_narrow_angle_single\sample_00024.npz,cyclist_only,1,162,0,0,True,0,1,25,2.89058324775186,0.0
./learn_dataset_narrow_angle_single\sample_00025.npz,cyclist_only,1,162,0,0,True,0,1,26,2.892766170910418,0.0
./learn_dataset_narrow_angle_single\sample_00026.npz,cyclist_only,1,162,0,0,True,0,1,27,2.894950568895729,0.0
./learn_dataset_narrow_angle_single\sample_00027.npz,cyclist_only,1,161,0,0,True,0,1,28,2.897136443196578,0.0
./learn_dataset_narrow_angle_single\sample_00028.npz,cyclist_only,1,161,0,0,True,0,1,29,2.8993237953037374,0.0
./learn_dataset_narrow_angle_single\sample_00029.npz,cyclist_only,1,161,0,0,True,0,1,30,2.9015126267099904,0.0
./learn_dataset_narrow_angle_single\sample_00030.npz,cyclist_only,1,161,0,0,True,0,1,31,2.903702938910115,0.0
./learn_dataset_narrow_angle_single\sample_00031.npz,cyclist_only,1,160,0,0,True,0,1,32,2.9058947334008955,0.0
./learn_dataset_narrow_angle_single\sample_00032.npz,cyclist_only,1,160,0,0,True,0,1,33,2.90808801168113,0.0
./learn_dataset_narrow_angle_single\sample_00033.npz,cyclist_only,1,160,0,0,True,0,1,34,2.9102827752516234,0.0
./learn_dataset_narrow_angle_single\sample_00034.npz,cyclist_only,1,160,0,0,True,0,1,35,2.912479025615202,0.0
./learn_dataset_narrow_angle_single\sample_00035.npz,cyclist_only,1,159,0,0,True,0,1,36,2.914676764276707,0.0
./learn_dataset_narrow_angle_single\sample_00036.npz,cyclist_only,1,159,0,0,True,0,1,37,2.9168759927430035,0.0
./learn_dataset_narrow_angle_single\sample_00037.npz,cyclist_only,1,159,0,0,True,0,1,38,2.919076712522985,0.0
./learn_dataset_narrow_angle_single\sample_00038.npz,cyclist_only,1,159,0,0,True,0,1,39,2.9212789251275715,0.0
./learn_dataset_narrow_angle_single\sample_00039.npz,cyclist_only,1,158,0,0,True,0,1,40,2.9234826320697187,0.0
./learn_dataset_narrow_angle_single\sample_00040.npz,cyclist_only,1,158,0,0,True,0,1,41,2.925687834864417,0.0
./learn_dataset_narrow_angle_single\sample_00041.npz,cyclist_only,1,158,0,0,True,0,1,42,2.9278945350286927,0.0
./learn_dataset_narrow_angle_single\sample_00042.npz,cyclist_only,1,158,0,0,True,0,1,43,2.9301027340816237,0.0
./learn_dataset_narrow_angle_single\sample_00043.npz,cyclist_only,1,157,0,0,True,0,1,44,2.9323124335443254,0.0
./learn_dataset_narrow_angle_single\sample_00044.npz,cyclist_only,1,157,0,0,True,0,1,45,2.934523634939972,0.0
./learn_dataset_narrow_angle_single\sample_00045.npz,cyclist_only,1,157,0,0,True,0,1,46,2.9367363397937836,0.0
./learn_dataset_narrow_angle_single\sample_00046.npz,cyclist_only,1,157,0,0,True,0,1,47,2.9389505496330406,0.0
./learn_dataset_narrow_angle_single\sample_00047.npz,cyclist_only,1,156,0,0,True,0,1,48,2.9411662659870843,0.0
./learn_dataset_narrow_angle_single\sample_00048.npz,cyclist_only,1,156,0,0,True,0,1,49,2.9433834903873164,0.0
./learn_dataset_narrow_angle_single\sample_00049.npz,cyclist_only,1,156,0,0,True,0,1,50,2.9456022243672124,0.0
./learn_dataset_narrow_angle_single\sample_00050.npz,cyclist_only,1,156,0,0,True,0,1,51,2.9478224694623103,0.0
./learn_dataset_narrow_angle_single\sample_00051.npz,cyclist_only,1,155,0,0,True,0,1,52,2.9500442272102276,0.0
./learn_dataset_narrow_angle_single\sample_00052.npz,cyclist_only,1,155,0,0,True,0,1,53,2.9522674991506577,0.0
./learn_dataset_narrow_angle_single\sample_00053.npz,cyclist_only,1,155,0,0,True,0,1,54,2.954492286825375,0.0
./learn_dataset_narrow_angle_single\sample_00054.npz,cyclist_only,1,155,0,0,True,0,1,55,2.9567185917782424,0.0
./learn_dataset_narrow_angle_single\sample_00055.npz,cyclist_only,1,154,0,0,True,0,1,56,2.958946415555204,0.0
./learn_dataset_narrow_angle_single\sample_00056.npz,cyclist_only,1,154,0,0,True,0,1,57,2.9611757597043007,0.0
./learn_dataset_narrow_angle_single\sample_00057.npz,cyclist_only,1,154,0,0,True,0,1,58,2.963406625775668,0.0
./learn_dataset_narrow_angle_single\sample_00058.npz,cyclist_only,1,153,0,0,True,0,1,59,2.9656390153215373,0.0
./learn_dataset_narrow_angle_single\sample_00059.npz,cyclist_only,1,153,0,0,True,0,1,60,2.967872929896247,0.0
./learn_dataset_narrow_angle_single\sample_00060.npz,cyclist_only,1,153,0,0,True,0,1,61,2.970108371056238,0.0
./learn_dataset_narrow_angle_single\sample_00061.npz,cyclist_only,1,153,0,0,True,0,1,62,2.972345340360059,0.0
./learn_dataset_narrow_angle_single\sample_00062.npz,cyclist_only,1,152,0,0,True,0,1,63,2.9745838393683766,0.0
./learn_dataset_narrow_angle_single\sample_00063.npz,cyclist_only,1,152,0,0,True,0,1,64,2.9768238696439693,0.0
./learn_dataset_narrow_angle_single\sample_00064.npz,cyclist_only,1,152,0,0,True,0,1,65,2.9790654327517405,0.0
./learn_dataset_narrow_angle_single\sample_00065.npz,cyclist_only,1,152,0,0,True,0,1,66,2.9813085302587106,0.0
./learn_dataset_narrow_angle_single\sample_00066.npz,cyclist_only,1,151,0,0,True,0,1,67,2.983553163734033,0.0
./learn_dataset_narrow_angle_single\sample_00067.npz,cyclist_only,1,151,0,0,True,0,1,68,2.9857993347489913,0.0
./learn_dataset_narrow_angle_single\sample_00068.npz,cyclist_only,1,151,0,0,True,0,1,69,2.9880470448769985,0.0
./learn_dataset_narrow_angle_single\sample_00069.npz,cyclist_only,1,151,0,0,True,0,1,70,2.990296295693612,0.0
./learn_dataset_narrow_angle_single\sample_00070.npz,cyclist_only,1,150,0,0,True,0,1,71,2.9925470887765298,0.0
./learn_dataset_narrow_angle_single\sample_00071.npz,cyclist_only,1,150,0,0,True,0,1,72,2.9947994257055885,0.0
./learn_dataset_narrow_angle_single\sample_00072.npz,cyclist_only,1,150,0,0,True,0,1,73,2.9970533080627835,0.0
./learn_dataset_narrow_angle_single\sample_00073.npz,cyclist_only,1,150,0,0,True,0,1,74,2.999308737432256,0.0
./learn_dataset_narrow_angle_single\sample_00074.npz,cyclist_only,1,149,0,0,True,0,1,75,3.0015657154003046,0.0
./learn_dataset_narrow_angle_single\sample_00075.npz,cyclist_only,1,149,0,0,True,0,1,76,3.003824243555392,0.0
./learn_dataset_narrow_angle_single\sample_00076.npz,cyclist_only,1,149,0,0,True,0,1,77,3.0060843234881354,0.0
./learn_dataset_narrow_angle_single\sample_00077.npz,cyclist_only,1,149,0,0,True,0,1,78,3.00834595679133,0.0
./learn_dataset_narrow_angle_single\sample_00078.npz,cyclist_only,1,148,0,0,True,0,1,79,3.0106091450599335,0.0
./learn_dataset_narrow_angle_single\sample_00079.npz,cyclist_only,1,148,0,0,True,0,1,80,3.0128738898910834,0.0
./learn_dataset_narrow_angle_single\sample_00080.npz,cyclist_only,1,148,0,0,True,0,1,81,3.015140192884091,0.0
./learn_dataset_narrow_angle_single\sample_00081.npz,cyclist_only,1,148,0,0,True,0,1,82,3.0174080556404532,0.0
./learn_dataset_narrow_angle_single\sample_00082.npz,cyclist_only,1,147,0,0,True,0,1,83,3.0196774797638515,0.0
./learn_dataset_narrow_angle_single\sample_00083.npz,cyclist_only,1,147,0,0,True,0,1,84,3.0219484668601555,0.0
./learn_dataset_narrow_angle_single\sample_00084.npz,cyclist_only,1,147,0,0,True,0,1,85,3.0242210185374296,0.0
./learn_dataset_narrow_angle_single\sample_00085.npz,cyclist_only,1,147,0,0,True,0,1,86,3.026495136405934,0.0
./learn_dataset_narrow_angle_single\sample_00086.npz,cyclist_only,1,146,0,0,True,0,1,87,3.0287708220781284,0.0
./learn_dataset_narrow_angle_single\sample_00087.npz,cyclist_only,1,146,0,0,True,0,1,88,3.031048077168681,0.0
./learn_dataset_narrow_angle_single\sample_00088.npz,cyclist_only,1,146,0,0,True,0,1,89,3.0333269032944603,0.0
./learn_dataset_narrow_angle_single\sample_00089.npz,cyclist_only,1,146,0,0,True,0,1,90,3.0356073020745575,0.0
./learn_dataset_narrow_angle_single\sample_00090.npz,cyclist_only,1,145,0,0,True,0,1,91,3.037889275130268,0.0
./learn_dataset_narrow_angle_single\sample_00091.npz,cyclist_only,1,145,0,0,True,0,1,92,3.040172824085113,0.0
./learn_dataset_narrow_angle_single\sample_00092.npz,cyclist_only,1,145,0,0,True,0,1,93,3.0424579505648386,0.0
./learn_dataset_narrow_angle_single\sample_00093.npz,cyclist_only,1,144,0,0,True,0,1,94,3.044744656197409,0.0
./learn_dataset_narrow_angle_single\sample_00094.npz,cyclist_only,1,144,0,0,True,0,1,95,3.047032942613031,0.0
./learn_dataset_narrow_angle_single\sample_00095.npz,cyclist_only,1,144,0,0,True,0,1,96,3.0493228114441355,0.0
./learn_dataset_narrow_angle_single\sample_00096.npz,cyclist_only,1,144,0,0,True,0,1,97,3.0516142643253974,0.0
./learn_dataset_narrow_angle_single\sample_00097.npz,cyclist_only,1,143,0,0,True,0,1,98,3.0539073028937334,0.0
./learn_dataset_narrow_angle_single\sample_00098.npz,cyclist_only,1,143,0,0,True,0,1,99,3.056201928788301,0.0
./learn_dataset_narrow_angle_single\sample_00099.npz,cyclist_only,1,143,0,0,True,0,1,100,3.058498143650517,0.0
./learn_dataset_narrow_angle_single\sample_00100.npz,cyclist_only,1,143,0,0,True,0,1,101,3.060795949124043,0.0
./learn_dataset_narrow_angle_single\sample_00101.npz,cyclist_only,1,142,0,0,True,0,1,102,3.0630953468548014,0.0
./learn_dataset_narrow_angle_single\sample_00102.npz,cyclist_only,1,142,0,0,True,0,1,103,3.065396338490978,0.0
./learn_dataset_narrow_angle_single\sample_00103.npz,cyclist_only,1,142,0,0,True,0,1,104,3.0676989256830187,0.0
./learn_dataset_narrow_angle_single\sample_00104.npz,cyclist_only,1,142,0,0,True,0,1,105,3.070003110083645,0.0
./learn_dataset_narrow_angle_single\sample_00105.npz,cyclist_only,1,141,0,0,True,0,1,106,3.072308893347847,0.0
./learn_dataset_narrow_angle_single\sample_00106.npz,cyclist_only,1,141,0,0,True,0,1,107,3.074616277132891,0.0
./learn_dataset_narrow_angle_single\sample_00107.npz,cyclist_only,1,141,0,0,True,0,1,108,3.076925263098327,0.0
./learn_dataset_narrow_angle_single\sample_00108.npz,cyclist_only,1,141,0,0,True,0,1,109,3.0792358529059873,0.0
./learn_dataset_narrow_angle_single\sample_00109.npz,cyclist_only,1,140,0,0,True,0,1,110,3.081548048219996,0.0
./learn_dataset_narrow_angle_single\sample_00110.npz,cyclist_only,1,140,0,0,True,0,1,111,3.083861850706767,0.0
./learn_dataset_narrow_angle_single\sample_00111.npz,cyclist_only,1,140,0,0,True,0,1,112,3.0861772620350085,0.0
./learn_dataset_narrow_angle_single\sample_00112.npz,cyclist_only,1,140,0,0,True,0,1,113,3.0884942838757357,0.0
./learn_dataset_narrow_angle_single\sample_00113.npz,cyclist_only,1,139,0,0,True,0,1,114,3.0908129179022605,0.0
./learn_dataset_narrow_angle_single\sample_00114.npz,cyclist_only,1,139,0,0,True,0,1,115,3.09313316579021,0.0
./learn_dataset_narrow_angle_single\sample_00115.npz,cyclist_only,1,139,0,0,True,0,1,116,3.095455029217519,0.0
./learn_dataset_narrow_angle_single\sample_00116.npz,cyclist_only,1,139,0,0,True,0,1,117,3.0977785098644386,0.0
./learn_dataset_narrow_angle_single\sample_00117.npz,cyclist_only,1,138,0,0,True,0,1,118,3.100103609413544,0.0
./learn_dataset_narrow_angle_single\sample_00118.npz,cyclist_only,1,138,0,0,True,0,1,119,3.102430329549728,0.0
./learn_dataset_narrow_angle_single\sample_00119.npz,cyclist_only,1,138,0,0,True,0,1,120,3.10475867196022,0.0
./learn_dataset_narrow_angle_single\sample_00120.npz,cyclist_only,1,138,0,0,True,0,1,121,3.1070886383345755,0.0
./learn_dataset_narrow_angle_single\sample_00121.npz,cyclist_only,1,137,0,0,True,0,1,122,3.1094202303646843,0.0
./learn_dataset_narrow_angle_single\sample_00122.npz,cyclist_only,1,137,0,0,True,0,1,123,3.111753449744785,0.0
./learn_dataset_narrow_angle_single\sample_00123.npz,cyclist_only,1,137,0,0,True,0,1,124,3.1140882981714526,0.0
./learn_dataset_narrow_angle_single\sample_00124.npz,cyclist_only,1,137,0,0,True,0,1,125,3.116424777343614,0.0
./learn_dataset_narrow_angle_single\sample_00125.npz,cyclist_only,1,136,0,0,True,0,1,126,3.1187628889625474,0.0
./learn_dataset_narrow_angle_single\sample_00126.npz,cyclist_only,1,136,0,0,True,0,1,127,3.1211026347318853,0.0
./learn_dataset_narrow_angle_single\sample_00127.npz,cyclist_only,1,136,0,0,True,0,1,128,3.1234440163576256,0.0
./learn_dataset_narrow_angle_single\sample_00128.npz,cyclist_only,1,136,0,0,True,0,1,129,3.1257870355481256,0.0
./learn_dataset_narrow_angle_single\sample_00129.npz,cyclist_only,1,135,0,0,True,0,1,130,3.128131694014117,0.0
./learn_dataset_narrow_angle_single\sample_00130.npz,cyclist_only,1,135,0,0,True,0,1,131,3.130477993468698,0.0
./learn_dataset_narrow_angle_single\sample_00131.npz,cyclist_only,1,135,0,0,True,0,1,132,3.1328259356273462,0.0
./learn_dataset_narrow_angle_single\sample_00132.npz,cyclist_only,1,134,0,0,True,0,1,133,3.1351755222079207,0.0
./learn_dataset_narrow_angle_single\sample_00133.npz,cyclist_only,1,134,0,0,True,0,1,134,3.1375267549306636,0.0
./learn_dataset_narrow_angle_single\sample_00134.npz,cyclist_only,1,134,0,0,True,0,1,135,3.1398796355182115,0.0
./learn_dataset_narrow_angle_single\sample_00135.npz,cyclist_only,1,134,0,0,True,0,1,136,3.1422341656955872,0.0
./learn_dataset_narrow_angle_single\sample_00136.npz,cyclist_only,1,133,0,0,True,0,1,137,3.144590347190212,0.0
./learn_dataset_narrow_angle_single\sample_00137.npz,cyclist_only,1,133,0,0,True,0,1,138,3.146948181731915,0.0
./learn_dataset_narrow_angle_single\sample_00138.npz,cyclist_only,1,133,0,0,True,0,1,139,3.149307671052923,0.0
./learn_dataset_narrow_angle_single\sample_00139.npz,cyclist_only,1,133,0,0,True,0,1,140,3.1516688168878777,0.0
./learn_dataset_narrow_angle_single\sample_00140.npz,cyclist_only,1,132,0,0,True,0,1,141,3.1540316209738353,0.0
./learn_dataset_narrow_angle_single\sample_00141.npz,cyclist_only,1,132,0,0,True,0,1,142,3.1563960850502646,0.0
./learn_dataset_narrow_angle_single\sample_00142.npz,cyclist_only,1,132,0,0,True,0,1,143,3.158762210859063,0.0
./learn_dataset_narrow_angle_single\sample_00143.npz,cyclist_only,1,132,0,0,True,0,1,144,3.1611300001445493,0.0
./learn_dataset_narrow_angle_single\sample_00144.npz,cyclist_only,1,131,0,0,True,0,1,145,3.1634994546534787,0.0
./learn_dataset_narrow_angle_single\sample_00145.npz,cyclist_only,1,131,0,0,True,0,1,146,3.165870576135038,0.0
./learn_dataset_narrow_angle_single\sample_00146.npz,cyclist_only,1,131,0,0,True,0,1,147,3.168243366340851,0.0
./learn_dataset_narrow_angle_single\sample_00147.npz,cyclist_only,1,131,0,0,True,0,1,148,3.1706178270249894,0.0
./learn_dataset_narrow_angle_single\sample_00148.npz,cyclist_only,1,130,0,0,True,0,1,149,3.172993959943971,0.0
./learn_dataset_narrow_angle_single\sample_00149.npz,cyclist_only,1,130,0,0,True,0,1,150,3.1753717668567645,0.0
./learn_dataset_narrow_angle_single\sample_00150.npz,cyclist_only,1,130,0,0,True,0,1,151,3.1777512495247975,0.0
./learn_dataset_narrow_angle_single\sample_00151.npz,cyclist_only,1,130,0,0,True,0,1,152,3.180132409711952,0.0
./learn_dataset_narrow_angle_single\sample_00152.npz,cyclist_only,1,129,0,0,True,0,1,153,3.182515249184584,0.0
./learn_dataset_narrow_angle_single\sample_00153.npz,cyclist_only,1,129,0,0,True,0,1,154,3.184899769711509,0.0
./learn_dataset_narrow_angle_single\sample_00154.npz,cyclist_only,1,129,0,0,True,0,1,155,3.1872859730640237,0.0
./learn_dataset_narrow_angle_single\sample_00155.npz,cyclist_only,1,129,0,0,True,0,1,156,3.1896738610158986,0.0
./learn_dataset_narrow_angle_single\sample_00156.npz,cyclist_only,1,128,0,0,True,0,1,157,3.192063435343383,0.0
./learn_dataset_narrow_angle_single\sample_00157.npz,cyclist_only,1,128,0,0,True,0,1,158,3.1944546978252215,0.0
./learn_dataset_narrow_angle_single\sample_00158.npz,cyclist_only,1,128,0,0,True,0,1,159,3.1968476502426393,0.0
./learn_dataset_narrow_angle_single\sample_00159.npz,cyclist_only,1,128,0,0,True,0,1,160,3.199242294379365,0.0
./learn_dataset_narrow_angle_single\sample_00160.npz,cyclist_only,1,127,0,0,True,0,1,161,3.2016386320216195,0.0
./learn_dataset_narrow_angle_single\sample_00161.npz,cyclist_only,1,127,0,0,True,0,1,162,3.2040366649581307,0.0
./learn_dataset_narrow_angle_single\sample_00162.npz,cyclist_only,1,127,0,0,True,0,1,163,3.2064363949801367,0.0
./learn_dataset_narrow_angle_single\sample_00163.npz,cyclist_only,1,127,0,0,True,0,1,164,3.208837823881382,0.0
./learn_dataset_narrow_angle_single\sample_00164.npz,cyclist_only,1,126,0,0,True,0,1,165,3.211240953458136,0.0
./learn_dataset_narrow_angle_single\sample_00165.npz,cyclist_only,1,126,0,0,True,0,1,166,3.213645785509182,0.0
./learn_dataset_narrow_angle_single\sample_00166.npz,cyclist_only,1,126,0,0,True,0,1,167,3.2160523218358295,0.0
./learn_dataset_narrow_angle_single\sample_00167.npz,cyclist_only,1,126,0,0,True,0,1,168,3.218460564241924,0.0
./learn_dataset_narrow_angle_single\sample_00168.npz,cyclist_only,1,125,0,0,True,0,1,169,3.22087051453384,0.0
./learn_dataset_narrow_angle_single\sample_00169.npz,cyclist_only,1,125,0,0,True,0,1,170,3.223282174520492,0.0
./learn_dataset_narrow_angle_single\sample_00170.npz,cyclist_only,1,125,0,0,True,0,1,171,3.225695546013339,0.0
./learn_dataset_narrow_angle_single\sample_00171.npz,cyclist_only,1,124,0,0,True,0,1,172,3.2281106308263845,0.0
./learn_dataset_narrow_angle_single\sample_00172.npz,cyclist_only,1,124,0,0,True,0,1,173,3.230527430776191,0.0
./learn_dataset_narrow_angle_single\sample_00173.npz,cyclist_only,1,124,0,0,True,0,1,174,3.2329459476818676,0.0
./learn_dataset_narrow_angle_single\sample_00174.npz,cyclist_only,1,124,0,0,True,0,1,175,3.2353661833650946,0.0
./learn_dataset_narrow_angle_single\sample_00175.npz,cyclist_only,1,123,0,0,True,0,1,176,3.237788139650112,0.0
./learn_dataset_narrow_angle_single\sample_00176.npz,cyclist_only,1,123,0,0,True,0,1,177,3.2402118183637296,0.0
./learn_dataset_narrow_angle_single\sample_00177.npz,cyclist_only,1,123,0,0,True,0,1,178,3.242637221335337,0.0
./learn_dataset_narrow_angle_single\sample_00178.npz,cyclist_only,1,123,0,0,True,0,1,179,3.245064350396896,0.0
./learn_dataset_narrow_angle_single\sample_00179.npz,cyclist_only,1,122,0,0,True,0,1,180,3.2474932073829588,0.0
./learn_dataset_narrow_angle_single\sample_00180.npz,cyclist_only,1,122,0,0,True,0,1,181,3.2499237941306616,0.0
./learn_dataset_narrow_angle_single\sample_00181.npz,cyclist_only,1,122,0,0,True,0,1,182,3.252356112479732,0.0
./learn_dataset_narrow_angle_single\sample_00182.npz,cyclist_only,1,122,0,0,True,0,1,183,3.2547901642725003,0.0
./learn_dataset_narrow_angle_single\sample_00183.npz,cyclist_only,1,121,0,0,True,0,1,184,3.2572259513538935,0.0
./learn_dataset_narrow_angle_single\sample_00184.npz,cyclist_only,1,121,0,0,True,0,1,185,3.2596634755714486,0.0
./learn_dataset_narrow_angle_single\sample_00185.npz,cyclist_only,1,121,0,0,True,0,1,186,3.262102738775312,0.0
./learn_dataset_narrow_angle_single\sample_00186.npz,cyclist_only,1,121,0,0,True,0,1,187,3.264543742818244,0.0
./learn_dataset_narrow_angle_single\sample_00187.npz,cyclist_only,1,120,0,0,True,0,1,188,3.2669864895556295,0.0
./learn_dataset_narrow_angle_single\sample_00188.npz,cyclist_only,1,120,0,0,True,0,1,189,3.2694309808454736,0.0
./learn_dataset_narrow_angle_single\sample_00189.npz,cyclist_only,1,120,0,0,True,0,1,190,3.2718772185484144,0.0
./learn_dataset_narrow_angle_single\sample_00190.npz,cyclist_only,1,120,0,0,True,0,1,191,3.274325204527722,0.0
./learn_dataset_narrow_angle_single\sample_00191.npz,cyclist_only,1,119,0,0,True,0,1,192,3.276774940649304,0.0
./learn_dataset_narrow_angle_single\sample_00192.npz,cyclist_only,1,119,0,0,True,0,1,193,3.2792264287817163,0.0
./learn_dataset_narrow_angle_single\sample_00193.npz,cyclist_only,1,119,0,0,True,0,1,194,3.281679670796156,0.0
./learn_dataset_narrow_angle_single\sample_00194.npz,cyclist_only,1,119,0,0,True,0,1,195,3.2841346685664803,0.0
./learn_dataset_narrow_angle_single\sample_00195.npz,cyclist_only,1,118,0,0,True,0,1,196,3.286591423969198,0.0
./learn_dataset_narrow_angle_single\sample_00196.npz,cyclist_only,1,118,0,0,True,0,1,197,3.2890499388834806,0.0
./learn_dataset_narrow_angle_single\sample_00197.npz,cyclist_only,1,118,0,0,True,0,1,198,3.29151021519117,0.0
./learn_dataset_narrow_angle_single\sample_00198.npz,cyclist_only,1,118,0,0,True,0,1,199,3.293972254776776,0.0
./learn_dataset_narrow_angle_single\sample_00199.npz,cyclist_only,1,117,0,0,True,0,1,200,3.296436059527486,0.0
./learn_dataset_narrow_angle_single\sample_00200.npz,cyclist_only,1,117,0,0,True,0,1,201,3.298901631333169,0.0
./learn_dataset_narrow_angle_single\sample_00201.npz,cyclist_only,1,117,0,0,True,0,1,202,3.3013689720863764,0.0
./learn_dataset_narrow_angle_single\sample_00202.npz,cyclist_only,1,117,0,0,True,0,1,203,3.303838083682356,0.0
./learn_dataset_narrow_angle_single\sample_00203.npz,cyclist_only,1,116,0,0,True,0,1,204,3.306308968019042,0.0
./learn_dataset_narrow_angle_single\sample_00204.npz,cyclist_only,1,116,0,0,True,0,1,205,3.308781626997079,0.0
./learn_dataset_narrow_angle_single\sample_00205.npz,cyclist_only,1,116,0,0,True,0,1,206,3.311256062519808,0.0
./learn_dataset_narrow_angle_single\sample_00206.npz,cyclist_only,1,116,0,0,True,0,1,207,3.313732276493282,0.0
./learn_dataset_narrow_angle_single\sample_00207.npz,cyclist_only,1,115,0,0,True,0,1,208,3.3162102708262693,0.0
./learn_dataset_narrow_angle_single\sample_00208.npz,cyclist_only,1,115,0,0,True,0,1,209,3.3186900474302568,0.0
./learn_dataset_narrow_angle_single\sample_00209.npz,cyclist_only,1,115,0,0,True,0,1,210,3.3211716082194562,0.0
./learn_dataset_narrow_angle_single\sample_00210.npz,cyclist_only,1,114,0,0,True,0,1,211,3.323654955110806,0.0
./learn_dataset_narrow_angle_single\sample_00211.npz,cyclist_only,1,114,0,0,True,0,1,212,3.326140090023977,0.0
./learn_dataset_narrow_angle_single\sample_00212.npz,cyclist_only,1,114,0,0,True,0,1,213,3.328627014881384,0.0
./learn_dataset_narrow_angle_single\sample_00213.npz,cyclist_only,1,114,0,0,True,0,1,214,3.3311157316081794,0.0
./learn_dataset_narrow_angle_single\sample_00214.npz,cyclist_only,1,113,0,0,True,0,1,215,3.33360624213227,0.0
./learn_dataset_narrow_angle_single\sample_00215.npz,cyclist_only,1,113,0,0,True,0,1,216,3.3360985483843066,0.0
./learn_dataset_narrow_angle_single\sample_00216.npz,cyclist_only,1,113,0,0,True,0,1,217,3.338592652297705,0.0
./learn_dataset_narrow_angle_single\sample_00217.npz,cyclist_only,1,113,0,0,True,0,1,218,3.3410885558086445,0.0
./learn_dataset_narrow_angle_single\sample_00218.npz,cyclist_only,1,112,0,0,True,0,1,219,3.3435862608560645,0.0
./learn_dataset_narrow_angle_single\sample_00219.npz,cyclist_only,1,112,0,0,True,0,1,220,3.3460857693816872,0.0
./learn_dataset_narrow_angle_single\sample_00220.npz,cyclist_only,1,112,0,0,True,0,1,221,3.348587083330005,0.0
./learn_dataset_narrow_angle_single\sample_00221.npz,cyclist_only,1,112,0,0,True,0,1,222,3.3510902046482935,0.0
./learn_dataset_narrow_angle_single\sample_00222.npz,cyclist_only,1,111,0,0,True,0,1,223,3.353595135286621,0.0
./learn_dataset_narrow_angle_single\sample_00223.npz,cyclist_only,1,111,0,0,True,0,1,224,3.3561018771978417,0.0
./learn_dataset_narrow_angle_single\sample_00224.npz,cyclist_only,1,111,0,0,True,0,1,225,3.358610432337613,0.0
./learn_dataset_narrow_angle_single\sample_00225.npz,cyclist_only,1,111,0,0,True,0,1,226,3.36112080266439,0.0
./learn_dataset_narrow_angle_single\sample_00226.npz,cyclist_only,1,110,0,0,True,0,1,227,3.3636329901394375,0.0
./learn_dataset_narrow_angle_single\sample_00227.npz,cyclist_only,1,110,0,0,True,0,1,228,3.366146996726834,0.0
./learn_dataset_narrow_angle_single\sample_00228.npz,cyclist_only,1,110,0,0,True,0,1,229,3.368662824393471,0.0
./learn_dataset_narrow_angle_single\sample_00229.npz,cyclist_only,1,110,0,0,True,0,1,230,3.3711804751090684,0.0
./learn_dataset_narrow_angle_single\sample_00230.npz,cyclist_only,1,109,0,0,True,0,1,231,3.373699950846169,0.0
./learn_dataset_narrow_angle_single\sample_00231.npz,cyclist_only,1,109,0,0,True,0,1,232,3.3762212535801495,0.0
./learn_dataset_narrow_angle_single\sample_00232.npz,cyclist_only,1,109,0,0,True,0,1,233,3.3787443852892265,0.0
./learn_dataset_narrow_angle_single\sample_00233.npz,cyclist_only,1,109,0,0,True,0,1,234,3.381269347954454,0.0
./learn_dataset_narrow_angle_single\sample_00234.npz,cyclist_only,1,108,0,0,True,0,1,235,3.3837961435597403,0.0
./learn_dataset_narrow_angle_single\sample_00235.npz,cyclist_only,1,108,0,0,True,0,1,236,3.3863247740918423,0.0
./learn_dataset_narrow_angle_single\sample_00236.npz,cyclist_only,1,108,0,0,True,0,1,237,3.3888552415403757,0.0
./learn_dataset_narrow_angle_single\sample_00237.npz,cyclist_only,1,108,0,0,True,0,1,238,3.391387547897819,0.0
./learn_dataset_narrow_angle_single\sample_00238.npz,cyclist_only,1,107,0,0,True,0,1,239,3.393921695159519,0.0
./learn_dataset_narrow_angle_single\sample_00239.npz,cyclist_only,1,107,0,0,True,0,1,240,3.396457685323698,0.0
./learn_dataset_narrow_angle_single\sample_00240.npz,cyclist_only,1,107,0,0,True,0,1,241,3.3989955203914546,0.0
./learn_dataset_narrow_angle_single\sample_00241.npz,cyclist_only,1,107,0,0,True,0,1,242,3.4015352023667695,0.0
./learn_dataset_narrow_angle_single\sample_00242.npz,cyclist_only,1,106,0,0,True,0,1,243,3.4040767332565176,0.0
./learn_dataset_narrow_angle_single\sample_00243.npz,cyclist_only,1,106,0,0,True,0,1,244,3.4066201150704605,0.0
./learn_dataset_narrow_angle_single\sample_00244.npz,cyclist_only,1,106,0,0,True,0,1,245,3.409165349821268,0.0
./learn_dataset_narrow_angle_single\sample_00245.npz,cyclist_only,1,106,0,0,True,0,1,246,3.4117124395245053,0.0
./learn_dataset_narrow_angle_single\sample_00246.npz,cyclist_only,1,105,0,0,True,0,1,247,3.4142613861986506,0.0
./learn_dataset_narrow_angle_single\sample_00247.npz,cyclist_only,1,105,0,0,True,0,1,248,3.4168121918651004,0.0
./learn_dataset_narrow_angle_single\sample_00248.npz,cyclist_only,1,105,0,0,True,0,1,249,3.419364858548166,0.0
./learn_dataset_narrow_angle_single\sample_00249.npz,cyclist_only,1,105,0,0,True,0,1,250,3.4219193882750893,0.0
./learn_dataset_narrow_angle_single\sample_00250.npz,cyclist_only,1,104,0,0,True,0,1,251,3.424475783076038,0.0
./learn_dataset_narrow_angle_single\sample_00251.npz,cyclist_only,1,104,0,0,True,0,1,252,3.4270340449841155,0.0
./learn_dataset_narrow_angle_single\sample_00252.npz,cyclist_only,1,104,0,0,True,0,1,253,3.4295941760353728,0.0
./learn_dataset_narrow_angle_single\sample_00253.npz,cyclist_only,1,103,0,0,True,0,1,254,3.432156178268799,0.0
./learn_dataset_narrow_angle_single\sample_00254.npz,cyclist_only,1,103,0,0,True,0,1,255,3.4347200537263403,0.0
./learn_dataset_narrow_angle_single\sample_00255.npz,cyclist_only,1,103,0,0,True,0,1,256,3.4372858044529004,0.0
./learn_dataset_narrow_angle_single\sample_00256.npz,cyclist_only,1,103,0,0,True,0,1,257,3.439853432496339,0.0
./learn_dataset_narrow_angle_single\sample_00257.npz,cyclist_only,1,102,0,0,True,0,1,258,3.4424229399074924,0.0
./learn_dataset_narrow_angle_single\sample_00258.npz,cyclist_only,1,102,0,0,True,0,1,259,3.4449943287401616,0.0
./learn_dataset_narrow_angle_single\sample_00259.npz,cyclist_only,1,102,0,0,True,0,1,260,3.447567601051135,0.0
./learn_dataset_narrow_angle_single\sample_00260.npz,cyclist_only,1,102,0,0,True,0,1,261,3.450142758900176,0.0
./learn_dataset_narrow_angle_single\sample_00261.npz,cyclist_only,1,101,0,0,True,0,1,262,3.452719804350039,0.0
./learn_dataset_narrow_angle_single\sample_00262.npz,cyclist_only,1,101,0,0,True,0,1,263,3.45529873946648,0.0
./learn_dataset_narrow_angle_single\sample_00263.npz,cyclist_only,1,101,0,0,True,0,1,264,3.457879566318246,0.0
./learn_dataset_narrow_angle_single\sample_00264.npz,cyclist_only,1,101,0,0,True,0,1,265,3.4604622869770956,0.0
./learn_dataset_narrow_angle_single\sample_00265.npz,cyclist_only,1,100,0,0,True,0,1,266,3.4630469035177955,0.0
./learn_dataset_narrow_angle_single\sample_00266.npz,cyclist_only,1,100,0,0,True,0,1,267,3.4656334180181263,0.0
./learn_dataset_narrow_angle_single\sample_00267.npz,cyclist_only,1,100,0,0,True,0,1,268,3.4682218325588985,0.0
./learn_dataset_narrow_angle_single\sample_00268.npz,cyclist_only,1,100,0,0,True,0,1,269,3.470812149223938,0.0
./learn_dataset_narrow_angle_single\sample_00269.npz,cyclist_only,1,99,0,0,True,0,1,270,3.4734043701001154,0.0
./learn_dataset_narrow_angle_single\sample_00270.npz,cyclist_only,1,99,0,0,True,0,1,271,3.4759984972773315,0.0
./learn_dataset_narrow_angle_single\sample_00271.npz,cyclist_only,1,99,0,0,True,0,1,272,3.4785945328485317,0.0
./learn_dataset_narrow_angle_single\sample_00272.npz,cyclist_only,1,99,0,0,True,0,1,273,3.481192478909716,0.0
./learn_dataset_narrow_angle_single\sample_00273.npz,cyclist_only,1,98,0,0,True,0,1,274,3.483792337559931,0.0
./learn_dataset_narrow_angle_single\sample_00274.npz,cyclist_only,1,98,0,0,True,0,1,275,3.4863941109012893,0.0
./learn_dataset_narrow_angle_single\sample_00275.npz,cyclist_only,1,98,0,0,True,0,1,276,3.488997801038969,0.0
./learn_dataset_narrow_angle_single\sample_00276.npz,cyclist_only,1,98,0,0,True,0,1,277,3.4916034100812148,0.0
./learn_dataset_narrow_angle_single\sample_00277.npz,cyclist_only,1,97,0,0,True,0,1,278,3.4942109401393555,0.0
./learn_dataset_narrow_angle_single\sample_00278.npz,cyclist_only,1,97,0,0,True,0,1,279,3.4968203933277957,0.0
./learn_dataset_narrow_angle_single\sample_00279.npz,cyclist_only,1,97,0,0,True,0,1,280,3.499431771764034,0.0
./learn_dataset_narrow_angle_single\sample_00280.npz,cyclist_only,1,97,0,0,True,0,1,281,3.502045077568658,0.0
./learn_dataset_narrow_angle_single\sample_00281.npz,cyclist_only,1,96,0,0,True,0,1,282,3.504660312865356,0.0
./learn_dataset_narrow_angle_single\sample_00282.npz,cyclist_only,1,96,0,0,True,0,1,283,3.5072774797809227,0.0
./learn_dataset_narrow_angle_single\sample_00283.npz,cyclist_only,1,96,0,0,True,0,1,284,3.5098965804452615,0.0
./learn_dataset_narrow_angle_single\sample_00284.npz,cyclist_only,1,96,0,0,True,0,1,285,3.5125176169913948,0.0
./learn_dataset_narrow_angle_single\sample_00285.npz,cyclist_only,1,95,0,0,True,0,1,286,3.515140591555464,0.0
./learn_dataset_narrow_angle_single\sample_00286.npz,cyclist_only,1,95,0,0,True,0,1,287,3.5177655062767386,0.0
./learn_dataset_narrow_angle_single\sample_00287.npz,cyclist_only,1,95,0,0,True,0,1,288,3.520392363297624,0.0
./learn_dataset_narrow_angle_single\sample_00288.npz,cyclist_only,1,95,0,0,True,0,1,289,3.5230211647636605,0.0
./learn_dataset_narrow_angle_single\sample_00289.npz,cyclist_only,1,94,0,0,True,0,1,290,3.525651912823539,0.0
./learn_dataset_narrow_angle_single\sample_00290.npz,cyclist_only,1,94,0,0,True,0,1,291,3.528284609629095,0.0
./learn_dataset_narrow_angle_single\sample_00291.npz,cyclist_only,1,94,0,0,True,0,1,292,3.5309192573353223,0.0
./learn_dataset_narrow_angle_single\sample_00292.npz,cyclist_only,1,93,0,0,True,0,1,293,3.5335558581003776,0.0
./learn_dataset_narrow_angle_single\sample_00293.npz,cyclist_only,1,93,0,0,True,0,1,294,3.5361944140855845,0.0
./learn_dataset_narrow_angle_single\sample_00294.npz,cyclist_only,1,93,0,0,True,0,1,295,3.5388349274554427,0.0
./learn_dataset_narrow_angle_single\sample_00295.npz,cyclist_only,1,93,0,0,True,0,1,296,3.541477400377627,0.0
./learn_dataset_narrow_angle_single\sample_00296.npz,cyclist_only,1,92,0,0,True,0,1,297,3.544121835022997,0.0
./learn_dataset_narrow_angle_single\sample_00297.npz,cyclist_only,1,92,0,0,True,0,1,298,3.5467682335656106,0.0
./learn_dataset_narrow_angle_single\sample_00298.npz,cyclist_only,1,92,0,0,True,0,1,299,3.549416598182714,0.0
./learn_dataset_narrow_angle_single\sample_00299.npz,cyclist_only,1,92,0,0,True,0,1,300,3.5520669310547626,0.0
./learn_dataset_narrow_angle_single\sample_00300.npz,vehicle_only,0,0,1,99,0,True,1,262,0.0,1.8728701420114746
./learn_dataset_narrow_angle_single\sample_00301.npz,vehicle_only,0,0,1,91,0,True,1,294,0.0,1.9377660960124932
./learn_dataset_narrow_angle_single\sample_00302.npz,vehicle_only,0,0,1,151,0,True,1,62,0.0,1.4995876964494144
./learn_dataset_narrow_angle_single\sample_00303.npz,vehicle_only,0,0,1,101,0,True,1,254,0.0,1.8568847184170068
./learn_dataset_narrow_angle_single\sample_00304.npz,vehicle_only,0,0,1,124,0,True,1,167,0.0,1.688926948432679
./learn_dataset_narrow_angle_single\sample_00305.npz,vehicle_only,0,0,1,160,0,True,1,27,0.0,1.4394741729548552
./learn_dataset_narrow_angle_single\sample_00306.npz,vehicle_only,0,0,1,134,0,True,1,128,0.0,1.6169694612700891
./learn_dataset_narrow_angle_single\sample_00307.npz,vehicle_only,0,0,1,93,0,True,1,285,0.0,1.919358013789844
./learn_dataset_narrow_angle_single\sample_00308.npz,vehicle_only,0,0,1,162,0,True,1,20,0.0,1.4276225045657245
./learn_dataset_narrow_angle_single\sample_00309.npz,vehicle_only,0,0,1,101,0,True,1,255,0.0,1.8588777523814874
./learn_dataset_narrow_angle_single\sample_00310.npz,vehicle_only,0,0,1,117,0,True,1,192,0.0,1.7361149429394236
./learn_dataset_narrow_angle_single\sample_00311.npz,vehicle_only,0,0,1,92,0,True,1,291,0.0,1.9316163488689024
./learn_dataset_narrow_angle_single\sample_00312.npz,vehicle_only,0,0,1,111,0,True,1,215,0.0,1.7802832965388355
./learn_dataset_narrow_angle_single\sample_00313.npz,vehicle_only,0,0,1,155,0,True,1,47,0.0,1.4736486242631228
./learn_dataset_narrow_angle_single\sample_00314.npz,vehicle_only,0,0,1,90,0,True,1,297,0.0,1.943929624193039
./learn_dataset_narrow_angle_single\sample_00315.npz,vehicle_only,0,0,1,117,0,True,1,194,0.0,1.7399266529907844
./learn_dataset_narrow_angle_single\sample_00316.npz,vehicle_only,0,0,1,147,0,True,1,78,0.0,1.5275523652621288
./learn_dataset_narrow_angle_single\sample_00317.npz,vehicle_only,0,0,1,153,0,True,1,52,0.0,1.4822653754173187
./learn_dataset_narrow_angle_single\sample_00318.npz,vehicle_only,0,0,1,141,0,True,1,99,0.0,1.5647285739308676
./learn_dataset_narrow_angle_single\sample_00319.npz,vehicle_only,0,0,1,119,0,True,1,185,0.0,1.7228170153777458
./learn_dataset_narrow_angle_single\sample_00320.npz,vehicle_only,0,0,1,106,0,True,1,236,0.0,1.8212590480744162
./learn_dataset_narrow_angle_single\sample_00321.npz,vehicle_only,0,0,1,90,0,True,1,298,0.0,1.9459872040239845
./learn_dataset_narrow_angle_single\sample_00322.npz,vehicle_only,0,0,1,106,0,True,1,235,0.0,1.8192935735363793
./learn_dataset_narrow_angle_single\sample_00323.npz,vehicle_only,0,0,1,96,0,True,1,274,0.0,1.8970258798626716
./learn_dataset_narrow_angle_single\sample_00324.npz,vehicle_only,0,0,1,97,0,True,1,272,0.0,1.8929850250595348
./learn_dataset_narrow_angle_single\sample_00325.npz,vehicle_only,0,0,1,94,0,True,1,282,0.0,1.913249334412146
./learn_dataset_narrow_angle_single\sample_00326.npz,vehicle_only,0,0,1,166,0,True,1,1,0.0,1.3957351926611101
./learn_dataset_narrow_angle_single\sample_00327.npz,vehicle_only,0,0,1,150,0,True,1,65,0.0,1.5048076282226384
./learn_dataset_narrow_angle_single\sample_00328.npz,vehicle_only,0,0,1,115,0,True,1,202,0.0,1.755228503943683
./learn_dataset_narrow_angle_single\sample_00329.npz,vehicle_only,0,0,1,143,0,True,1,93,0.0,1.5540514732191946
./learn_dataset_narrow_angle_single\sample_00330.npz,vehicle_only,0,0,1,129,0,True,1,147,0.0,1.65177759293771
./learn_dataset_narrow_angle_single\sample_00331.npz,vehicle_only,0,0,1,134,0,True,1,127,0.0,1.6151503281843882
./learn_dataset_narrow_angle_single\sample_00332.npz,vehicle_only,0,0,1,154,0,True,1,51,0.0,1.4805396655821785
./learn_dataset_narrow_angle_single\sample_00333.npz,vehicle_only,0,0,1,101,0,True,1,257,0.0,1.8628682213510177
./learn_dataset_narrow_angle_single\sample_00334.npz,vehicle_only,0,0,1,107,0,True,1,231,0.0,1.8114460065287894
./learn_dataset_narrow_angle_single\sample_00335.npz,vehicle_only,0,0,1,100,0,True,1,260,0.0,1.8688649516568125
./learn_dataset_narrow_angle_single\sample_00336.npz,vehicle_only,0,0,1,116,0,True,1,199,0.0,1.7494799693734815
./learn_dataset_narrow_angle_single\sample_00337.npz,vehicle_only,0,0,1,159,0,True,1,30,0.0,1.444570722763017
./learn_dataset_narrow_angle_single\sample_00338.npz,vehicle_only,0,0,1,94,0,True,1,284,0.0,1.9173202736256052
./learn_dataset_narrow_angle_single\sample_00339.npz,vehicle_only,0,0,1,163,0,True,1,13,0.0,1.415826906653283
./learn_dataset_narrow_angle_single\sample_00340.npz,vehicle_only,0,0,1,166,0,True,1,4,0.0,1.4007428903552814
./learn_dataset_narrow_angle_single\sample_00341.npz,vehicle_only,0,0,1,140,0,True,1,102,0.0,1.5700838607211731
./learn_dataset_narrow_angle_single\sample_00342.npz,vehicle_only,0,0,1,141,0,True,1,101,0.0,1.568297521944197
./learn_dataset_narrow_angle_single\sample_00343.npz,vehicle_only,0,0,1,149,0,True,1,69,0.0,1.5117843165423372
./learn_dataset_narrow_angle_single\sample_00344.npz,vehicle_only,0,0,1,107,0,True,1,234,0.0,1.8173295336773234
./learn_dataset_narrow_angle_single\sample_00345.npz,vehicle_only,0,0,1,166,0,True,1,3,0.0,1.399072533373227
./learn_dataset_narrow_angle_single\sample_00346.npz,vehicle_only,0,0,1,96,0,True,1,275,0.0,1.8990485527688152
./learn_dataset_narrow_angle_single\sample_00347.npz,vehicle_only,0,0,1,130,0,True,1,144,0.0,1.6462504897718244
./learn_dataset_narrow_angle_single\sample_00348.npz,vehicle_only,0,0,1,97,0,True,1,270,0.0,1.888950147230716
./learn_dataset_narrow_angle_single\sample_00349.npz,vehicle_only,0,0,1,128,0,True,1,150,0.0,1.6573164425749995
./learn_dataset_narrow_angle_single\sample_00350.npz,vehicle_only,0,0,1,160,0,True,1,26,0.0,1.4377776294752445
./learn_dataset_narrow_angle_single\sample_00351.npz,vehicle_only,0,0,1,146,0,True,1,81,0.0,1.5328301935238962
./learn_dataset_narrow_angle_single\sample_00352.npz,vehicle_only,0,0,1,110,0,True,1,221,0.0,1.7919268620081859
./learn_dataset_narrow_angle_single\sample_00353.npz,vehicle_only,0,0,1,157,0,True,1,39,0.0,1.4599229218017546
./learn_dataset_narrow_angle_single\sample_00354.npz,vehicle_only,0,0,1,142,0,True,1,97,0.0,1.5611645900156557
./learn_dataset_narrow_angle_single\sample_00355.npz,vehicle_only,0,0,1,152,0,True,1,57,0.0,1.4909116821695212
./learn_dataset_narrow_angle_single\sample_00356.npz,vehicle_only,0,0,1,147,0,True,1,76,0.0,1.524039886586107
./learn_dataset_narrow_angle_single\sample_00357.npz,vehicle_only,0,0,1,160,0,True,1,25,0.0,1.4360822372723632
./learn_dataset_narrow_angle_single\sample_00358.npz,vehicle_only,0,0,1,123,0,True,1,169,0.0,1.6926710278476658
./learn_dataset_narrow_angle_single\sample_00359.npz,vehicle_only,0,0,1,105,0,True,1,239,0.0,1.8271640954531745
./learn_dataset_narrow_angle_single\sample_00360.npz,vehicle_only,0,0,1,156,0,True,1,41,0.0,1.463347323875002
./learn_dataset_narrow_angle_single\sample_00361.npz,vehicle_only,0,0,1,110,0,True,1,222,0.0,1.7938723926932443
./learn_dataset_narrow_angle_single\sample_00362.npz,vehicle_only,0,0,1,122,0,True,1,173,0.0,1.7001752305119122
./learn_dataset_narrow_angle_single\sample_00363.npz,vehicle_only,0,0,1,94,0,True,1,281,0.0,1.9112161320011383
./learn_dataset_narrow_angle_single\sample_00364.npz,vehicle_only,0,0,1,145,0,True,1,83,0.0,1.5363548338708128
./learn_dataset_narrow_angle_single\sample_00365.npz,vehicle_only,0,0,1,127,0,True,1,153,0.0,1.6628670760659394
./learn_dataset_narrow_angle_single\sample_00366.npz,vehicle_only,0,0,1,116,0,True,1,197,0.0,1.7456545140621638
./learn_dataset_narrow_angle_single\sample_00367.npz,vehicle_only,0,0,1,142,0,True,1,96,0.0,1.559384456368032
./learn_dataset_narrow_angle_single\sample_00368.npz,vehicle_only,0,0,1,140,0,True,1,105,0.0,1.5754503516973113
./learn_dataset_narrow_angle_single\sample_00369.npz,vehicle_only,0,0,1,107,0,True,1,233,0.0,1.815366926931591
./learn_dataset_narrow_angle_single\sample_00370.npz,vehicle_only,0,0,1,128,0,True,1,149,0.0,1.6554688518947847
./learn_dataset_narrow_angle_single\sample_00371.npz,vehicle_only,0,0,1,100,0,True,1,259,0.0,1.866864569148507
./learn_dataset_narrow_angle_single\sample_00372.npz,vehicle_only,0,0,1,132,0,True,1,135,0.0,1.6297392876378773
./learn_dataset_narrow_angle_single\sample_00373.npz,vehicle_only,0,0,1,90,0,True,1,300,0.0,1.9501069796424877
./learn_dataset_narrow_angle_single\sample_00374.npz,vehicle_only,0,0,1,144,0,True,1,90,0.0,1.5487295898150304
./learn_dataset_narrow_angle_single\sample_00375.npz,vehicle_only,0,0,1,148,0,True,1,71,0.0,1.5152798740730262
./learn_dataset_narrow_angle_single\sample_00376.npz,vehicle_only,0,0,1,114,0,True,1,206,0.0,1.7629126023515886
./learn_dataset_narrow_angle_single\sample_00377.npz,vehicle_only,0,0,1,118,0,True,1,190,0.0,1.732308710315448
./learn_dataset_narrow_angle_single\sample_00378.npz,vehicle_only,0,0,1,153,0,True,1,55,0.0,1.4874496030965891
./learn_dataset_narrow_angle_single\sample_00379.npz,vehicle_only,0,0,1,90,0,True,1,299,0.0,1.9480463219338215
./learn_dataset_narrow_angle_single\sample_00380.npz,vehicle_only,0,0,1,151,0,True,1,63,0.0,1.5013264776516706
./learn_dataset_narrow_angle_single\sample_00381.npz,vehicle_only,0,0,1,131,0,True,1,139,0.0,1.637064653398541
./learn_dataset_narrow_angle_single\sample_00382.npz,vehicle_only,0,0,1,102,0,True,1,250,0.0,1.848927215109635
./learn_dataset_narrow_angle_single\sample_00383.npz,vehicle_only,0,0,1,93,0,True,1,287,0.0,1.9234380436564547
./learn_dataset_narrow_angle_single\sample_00384.npz,vehicle_only,0,0,1,128,0,True,1,151,0.0,1.6591653425709845
./learn_dataset_narrow_angle_single\sample_00385.npz,vehicle_only,0,0,1,98,0,True,1,267,0.0,1.8829090084249904
./learn_dataset_narrow_angle_single\sample_00386.npz,vehicle_only,0,0,1,136,0,True,1,119,0.0,1.6006431558927654
./learn_dataset_narrow_angle_single\sample_00387.npz,vehicle_only,0,0,1,159,0,True,1,31,0.0,1.4462718830664163
./learn_dataset_narrow_angle_single\sample_00388.npz,vehicle_only,0,0,1,126,0,True,1,160,0.0,1.6758645914833148
./learn_dataset_narrow_angle_single\sample_00389.npz,vehicle_only,0,0,1,103,0,True,1,247,0.0,1.842974406869954
./learn_dataset_narrow_angle_single\sample_00390.npz,vehicle_only,0,0,1,114,0,True,1,203,0.0,1.7571474485219911
./learn_dataset_narrow_angle_single\sample_00391.npz,vehicle_only,0,0,1,154,0,True,1,48,0.0,1.4753696173040158
./learn_dataset_narrow_angle_single\sample_00392.npz,vehicle_only,0,0,1,117,0,True,1,193,0.0,1.738020112550079
./learn_dataset_narrow_angle_single\sample_00393.npz,vehicle_only,0,0,1,129,0,True,1,145,0.0,1.6480915546313517
./learn_dataset_narrow_angle_single\sample_00394.npz,vehicle_only,0,0,1,152,0,True,1,59,0.0,1.4943785144352322
./learn_dataset_narrow_angle_single\sample_00395.npz,vehicle_only,0,0,1,165,0,True,1,8,0.0,1.407435588944822
./learn_dataset_narrow_angle_single\sample_00396.npz,vehicle_only,0,0,1,160,0,True,1,28,0.0,1.4411718688813009
./learn_dataset_narrow_angle_single\sample_00397.npz,vehicle_only,0,0,1,101,0,True,1,256,0.0,1.8608722528213892
./learn_dataset_narrow_angle_single\sample_00398.npz,vehicle_only,0,0,1,127,0,True,1,154,0.0,1.66471991234765
./learn_dataset_narrow_angle_single\sample_00399.npz,vehicle_only,0,0,1,151,0,True,1,61,0.0,1.4978501096637116
./learn_dataset_narrow_angle_single\sample_00400.npz,vehicle_only,0,0,1,145,0,True,1,85,0.0,1.5398843565311773
./learn_dataset_narrow_angle_single\sample_00401.npz,vehicle_only,0,0,1,137,0,True,1,116,0.0,1.5952239121889402
./learn_dataset_narrow_angle_single\sample_00402.npz,vehicle_only,0,0,1,93,0,True,1,286,0.0,1.9213972699044228
./learn_dataset_narrow_angle_single\sample_00403.npz,vehicle_only,0,0,1,114,0,True,1,204,0.0,1.75906777878429
./learn_dataset_narrow_angle_single\sample_00404.npz,vehicle_only,0,0,1,132,0,True,1,133,0.0,1.6260843425340068
./learn_dataset_narrow_angle_single\sample_00405.npz,vehicle_only,0,0,1,132,0,True,1,136,0.0,1.6315686925940158
./learn_dataset_narrow_angle_single\sample_00406.npz,vehicle_only,0,0,1,124,0,True,1,165,0.0,1.6851882017708144
./learn_dataset_narrow_angle_single\sample_00407.npz,vehicle_only,0,0,1,122,0,True,1,172,0.0,1.6982971707971803
./learn_dataset_narrow_angle_single\sample_00408.npz,vehicle_only,0,0,1,157,0,True,1,38,0.0,1.4582124712789357
./learn_dataset_narrow_angle_single\sample_00409.npz,vehicle_only,0,0,1,111,0,True,1,218,0.0,1.7860987416074263
./learn_dataset_narrow_angle_single\sample_00410.npz,vehicle_only,0,0,1,98,0,True,1,268,0.0,1.8849212331648075
./learn_dataset_narrow_angle_single\sample_00411.npz,vehicle_only,0,0,1,111,0,True,1,217,0.0,1.7841588535852086
./learn_dataset_narrow_angle_single\sample_00412.npz,vehicle_only,0,0,1,121,0,True,1,179,0.0,1.7114718158512492
./learn_dataset_narrow_angle_single\sample_00413.npz,vehicle_only,0,0,1,118,0,True,1,189,0.0,1.7304076443609804
./learn_dataset_narrow_angle_single\sample_00414.npz,vehicle_only,0,0,1,112,0,True,1,214,0.0,1.7783476244660537
./learn_dataset_narrow_angle_single\sample_00415.npz,vehicle_only,0,0,1,161,0,True,1,21,0.0,1.4293121578813106
./learn_dataset_narrow_angle_single\sample_00416.npz,vehicle_only,0,0,1,99,0,True,1,263,0.0,1.8748749531125477
./learn_dataset_narrow_angle_single\sample_00417.npz,vehicle_only,0,0,1,139,0,True,1,108,0.0,1.580828081963288
./learn_dataset_narrow_angle_single\sample_00418.npz,vehicle_only,0,0,1,104,0,True,1,243,0.0,1.8350576728464298
./learn_dataset_narrow_angle_single\sample_00419.npz,vehicle_only,0,0,1,126,0,True,1,157,0.0,1.6702863160674195
./learn_dataset_narrow_angle_single\sample_00420.npz,vehicle_only,0,0,1,158,0,True,1,34,0.0,1.4513823115489322
./learn_dataset_narrow_angle_single\sample_00421.npz,vehicle_only,0,0,1,164,0,True,1,9,0.0,1.4091115869487865
./learn_dataset_narrow_angle_single\sample_00422.npz,vehicle_only,0,0,1,144,0,True,1,89,0.0,1.5469580893186745
./learn_dataset_narrow_angle_single\sample_00423.npz,vehicle_only,0,0,1,133,0,True,1,132,0.0,1.624258799673054
./learn_dataset_narrow_angle_single\sample_00424.npz,vehicle_only,0,0,1,108,0,True,1,227,0.0,1.8036212944454728
./learn_dataset_narrow_angle_single\sample_00425.npz,vehicle_only,0,0,1,112,0,True,1,212,0.0,1.7744804856161986
./learn_dataset_narrow_angle_single\sample_00426.npz,vehicle_only,0,0,1,138,0,True,1,113,0.0,1.5898160377480055
./learn_dataset_narrow_angle_single\sample_00427.npz,vehicle_only,0,0,1,112,0,True,1,211,0.0,1.772549015803655
./learn_dataset_narrow_angle_single\sample_00428.npz,vehicle_only,0,0,1,108,0,True,1,230,0.0,1.809487689751736
./learn_dataset_narrow_angle_single\sample_00429.npz,vehicle_only,0,0,1,122,0,True,1,174,0.0,1.70205463197793
./learn_dataset_narrow_angle_single\sample_00430.npz,vehicle_only,0,0,1,102,0,True,1,251,0.0,1.850914399268385
./learn_dataset_narrow_angle_single\sample_00431.npz,vehicle_only,0,0,1,146,0,True,1,80,0.0,1.5310697010616539
./learn_dataset_narrow_angle_single\sample_00432.npz,vehicle_only,0,0,1,109,0,True,1,223,0.0,1.7958193378796268
./learn_dataset_narrow_angle_single\sample_00433.npz,vehicle_only,0,0,1,149,0,True,1,67,0.0,1.508293571227049
./learn_dataset_narrow_angle_single\sample_00434.npz,vehicle_only,0,0,1,164,0,True,1,10,0.0,1.4107887165772361
./learn_dataset_narrow_angle_single\sample_00435.npz,vehicle_only,0,0,1,122,0,True,1,175,0.0,1.703935376629593
./learn_dataset_narrow_angle_single\sample_00436.npz,vehicle_only,0,0,1,120,0,True,1,180,0.0,1.7133592980179737
./learn_dataset_narrow_angle_single\sample_00437.npz,vehicle_only,0,0,1,151,0,True,1,60,0.0,1.4961137160674587
./learn_dataset_narrow_angle_single\sample_00438.npz,vehicle_only,0,0,1,93,0,True,1,288,0.0,1.9254803367355542
./learn_dataset_narrow_angle_single\sample_00439.npz,vehicle_only,0,0,1,92,0,True,1,292,0.0,1.9336647362024701
./learn_dataset_narrow_angle_single\sample_00440.npz,vehicle_only,0,0,1,165,0,True,1,5,0.0,1.4024143732667456
./learn_dataset_narrow_angle_single\sample_00441.npz,vehicle_only,0,0,1,129,0,True,1,146,0.0,1.6499339218937512
./learn_dataset_narrow_angle_single\sample_00442.npz,vehicle_only,0,0,1,154,0,True,1,49,0.0,1.477091787733525
./learn_dataset_narrow_angle_single\sample_00443.npz,vehicle_only,0,0,1,149,0,True,1,68,0.0,1.5100383429774378
./learn_dataset_narrow_angle_single\sample_00444.npz,vehicle_only,0,0,1,116,0,True,1,198,0.0,1.7475665526026145
./learn_dataset_narrow_angle_single\sample_00445.npz,vehicle_only,0,0,1,142,0,True,1,95,0.0,1.5576055598763323
./learn_dataset_narrow_angle_single\sample_00446.npz,vehicle_only,0,0,1,126,0,True,1,159,0.0,1.674003844930314
./learn_dataset_narrow_angle_single\sample_00447.npz,vehicle_only,0,0,1,95,0,True,1,279,0.0,1.9071542531846917
./learn_dataset_narrow_angle_single\sample_00448.npz,vehicle_only,0,0,1,135,0,True,1,125,0.0,1.61151589441418
./learn_dataset_narrow_angle_single\sample_00449.npz,vehicle_only,0,0,1,148,0,True,1,73,0.0,1.5187802537508226
./learn_dataset_narrow_angle_single\sample_00450.npz,vehicle_only,0,0,1,132,0,True,1,134,0.0,1.627911171403728
./learn_dataset_narrow_angle_single\sample_00451.npz,vehicle_only,0,0,1,91,0,True,1,296,0.0,1.9418735807236078
./learn_dataset_narrow_angle_single\sample_00452.npz,vehicle_only,0,0,1,124,0,True,1,166,0.0,1.687056909217949
./learn_dataset_narrow_angle_single\sample_00453.npz,vehicle_only,0,0,1,158,0,True,1,33,0.0,1.4496776762805355
./learn_dataset_narrow_angle_single\sample_00454.npz,vehicle_only,0,0,1,125,0,True,1,162,0.0,1.679590055863323
./learn_dataset_narrow_angle_single\sample_00455.npz,vehicle_only,0,0,1,125,0,True,1,163,0.0,1.6814547765086632
./learn_dataset_narrow_angle_single\sample_00456.npz,vehicle_only,0,0,1,127,0,True,1,156,0.0,1.6684295309511203
./learn_dataset_narrow_angle_single\sample_00457.npz,vehicle_only,0,0,1,95,0,True,1,277,0.0,1.9030983978900164
./learn_dataset_narrow_angle_single\sample_00458.npz,vehicle_only,0,0,1,120,0,True,1,181,0.0,1.715248132019431
./learn_dataset_narrow_angle_single\sample_00459.npz,vehicle_only,0,0,1,135,0,True,1,122,0.0,1.6060738046532557
./learn_dataset_narrow_angle_single\sample_00460.npz,vehicle_only,0,0,1,91,0,True,1,293,0.0,1.9357146513487706
./learn_dataset_narrow_angle_single\sample_00461.npz,vehicle_only,0,0,1,133,0,True,1,131,0.0,1.6224345414671089
./learn_dataset_narrow_angle_single\sample_00462.npz,vehicle_only,0,0,1,139,0,True,1,109,0.0,1.5826231624270086
./learn_dataset_narrow_angle_single\sample_00463.npz,vehicle_only,0,0,1,98,0,True,1,269,0.0,1.8869349455515931
./learn_dataset_narrow_angle_single\sample_00464.npz,vehicle_only,0,0,1,146,0,True,1,82,0.0,1.5345919040398732
./learn_dataset_narrow_angle_single\sample_00465.npz,vehicle_only,0,0,1,123,0,True,1,170,0.0,1.694545070894331
./learn_dataset_narrow_angle_single\sample_00466.npz,vehicle_only,0,0,1,113,0,True,1,208,0.0,1.7667629866485477
./learn_dataset_narrow_angle_single\sample_00467.npz,vehicle_only,0,0,1,152,0,True,1,56,0.0,1.4891800490935412
./learn_dataset_narrow_angle_single\sample_00468.npz,vehicle_only,0,0,1,120,0,True,1,182,0.0,1.7171383193043288
./learn_dataset_narrow_angle_single\sample_00469.npz,vehicle_only,0,0,1,153,0,True,1,53,0.0,1.4839922674730792
./learn_dataset_narrow_angle_single\sample_00470.npz,vehicle_only,0,0,1,103,0,True,1,246,0.0,1.8409930468759639
./learn_dataset_narrow_angle_single\sample_00471.npz,vehicle_only,0,0,1,144,0,True,1,87,0.0,1.5434187716296115
./learn_dataset_narrow_angle_single\sample_00472.npz,vehicle_only,0,0,1,159,0,True,1,29,0.0,1.4428707184262641
./learn_dataset_narrow_angle_single\sample_00473.npz,vehicle_only,0,0,1,164,0,True,1,12,0.0,1.4141463752835663
./learn_dataset_narrow_angle_single\sample_00474.npz,vehicle_only,0,0,1,139,0,True,1,107,0.0,1.57903425422505
./learn_dataset_narrow_angle_single\sample_00475.npz,vehicle_only,0,0,1,100,0,True,1,258,0.0,1.8648656595870456
./learn_dataset_narrow_angle_single\sample_00476.npz,vehicle_only,0,0,1,136,0,True,1,121,0.0,1.6042623189555858
./learn_dataset_narrow_angle_single\sample_00477.npz,vehicle_only,0,0,1,130,0,True,1,141,0.0,1.6407350958526088
./learn_dataset_narrow_angle_single\sample_00478.npz,vehicle_only,0,0,1,91,0,True,1,295,0.0,1.9398190719008552
./learn_dataset_narrow_angle_single\sample_00479.npz,vehicle_only,0,0,1,109,0,True,1,226,0.0,1.8016686758446838
./learn_dataset_narrow_angle_single\sample_00480.npz,vehicle_only,0,0,1,134,0,True,1,129,0.0,1.6187898736146578
./learn_dataset_narrow_angle_single\sample_00481.npz,vehicle_only,0,0,1,99,0,True,1,265,0.0,1.8788890153168745
./learn_dataset_narrow_angle_single\sample_00482.npz,vehicle_only,0,0,1,103,0,True,1,248,0.0,1.844957220509472
./learn_dataset_narrow_angle_single\sample_00483.npz,vehicle_only,0,0,1,143,0,True,1,92,0.0,1.552276280487437
./learn_dataset_narrow_angle_single\sample_00484.npz,vehicle_only,0,0,1,119,0,True,1,186,0.0,1.7247126303248406
./learn_dataset_narrow_angle_single\sample_00485.npz,vehicle_only,0,0,1,156,0,True,1,40,0.0,1.4616345389368166
./learn_dataset_narrow_angle_single\sample_00486.npz,vehicle_only,0,0,1,113,0,True,1,210,0.0,1.7706189437126894
./learn_dataset_narrow_angle_single\sample_00487.npz,vehicle_only,0,0,1,129,0,True,1,148,0.0,1.6536225691438633
./learn_dataset_narrow_angle_single\sample_00488.npz,vehicle_only,0,0,1,163,0,True,1,14,0.0,1.417508574231158
./learn_dataset_narrow_angle_single\sample_00489.npz,vehicle_only,0,0,1,114,0,True,1,205,0.0,1.7609894962277257
./learn_dataset_narrow_angle_single\sample_00490.npz,vehicle_only,0,0,1,110,0,True,1,219,0.0,1.788040037998412
./learn_dataset_narrow_angle_single\sample_00491.npz,vehicle_only,0,0,1,165,0,True,1,6,0.0,1.4040869832435796
./learn_dataset_narrow_angle_single\sample_00492.npz,vehicle_only,0,0,1,145,0,True,1,86,0.0,1.5416509518917576
./learn_dataset_narrow_angle_single\sample_00493.npz,vehicle_only,0,0,1,107,0,True,1,232,0.0,1.8134057517357867
./learn_dataset_narrow_angle_single\sample_00494.npz,vehicle_only,0,0,1,121,0,True,1,177,0.0,1.7077009012374713
./learn_dataset_narrow_angle_single\sample_00495.npz,vehicle_only,0,0,1,119,0,True,1,187,0.0,1.7266096058299611
./learn_dataset_narrow_angle_single\sample_00496.npz,vehicle_only,0,0,1,108,0,True,1,229,0.0,1.8075307998480226
./learn_dataset_narrow_angle_single\sample_00497.npz,vehicle_only,0,0,1,108,0,True,1,228,0.0,1.8055753352633024
./learn_dataset_narrow_angle_single\sample_00498.npz,vehicle_only,0,0,1,105,0,True,1,240,0.0,1.8291353244093067
./learn_dataset_narrow_angle_single\sample_00499.npz,vehicle_only,0,0,1,99,0,True,1,264,0.0,1.8768812436699025
./learn_dataset_narrow_angle_single\sample_00500.npz,vehicle_only,0,0,1,100,0,True,1,261,0.0,1.8708668087357472
./learn_dataset_narrow_angle_single\sample_00501.npz,vehicle_only,0,0,1,104,0,True,1,244,0.0,1.837034681453953
./learn_dataset_narrow_angle_single\sample_00502.npz,vehicle_only,0,0,1,98,0,True,1,266,0.0,1.880898269689193
./learn_dataset_narrow_angle_single\sample_00503.npz,vehicle_only,0,0,1,146,0,True,1,79,0.0,1.529310425393651
./learn_dataset_narrow_angle_single\sample_00504.npz,vehicle_only,0,0,1,155,0,True,1,45,0.0,1.4702101655332451
./learn_dataset_narrow_angle_single\sample_00505.npz,vehicle_only,0,0,1,136,0,True,1,120,0.0,1.6024521031458379
./learn_dataset_narrow_angle_single\sample_00506.npz,vehicle_only,0,0,1,95,0,True,1,278,0.0,1.905125573432325
./learn_dataset_narrow_angle_single\sample_00507.npz,vehicle_only,0,0,1,137,0,True,1,115,0.0,1.5934200258871498
./learn_dataset_narrow_angle_single\sample_00508.npz,vehicle_only,0,0,1,123,0,True,1,171,0.0,1.696420451401416
./learn_dataset_narrow_angle_single\sample_00509.npz,vehicle_only,0,0,1,145,0,True,1,84,0.0,1.5381189842796785
./learn_dataset_narrow_angle_single\sample_00510.npz,vehicle_only,0,0,1,135,0,True,1,124,0.0,1.609700591046654
./learn_dataset_narrow_angle_single\sample_00511.npz,vehicle_only,0,0,1,155,0,True,1,46,0.0,1.4719288074069532
./learn_dataset_narrow_angle_single\sample_00512.npz,vehicle_only,0,0,1,140,0,True,1,104,0.0,1.5736602742984853
./learn_dataset_narrow_angle_single\sample_00513.npz,vehicle_only,0,0,1,143,0,True,1,91,0.0,1.5505023197789602
./learn_dataset_narrow_angle_single\sample_00514.npz,vehicle_only,0,0,1,115,0,True,1,200,0.0,1.7513947658612101
./learn_dataset_narrow_angle_single\sample_00515.npz,vehicle_only,0,0,1,162,0,True,1,19,0.0,1.4259339955393266
./learn_dataset_narrow_angle_single\sample_00516.npz,vehicle_only,0,0,1,102,0,True,1,252,0.0,1.8529030434688736
./learn_dataset_narrow_angle_single\sample_00517.npz,vehicle_only,0,0,1,113,0,True,1,207,0.0,1.7648370986573259
./learn_dataset_narrow_angle_single\sample_00518.npz,vehicle_only,0,0,1,144,0,True,1,88,0.0,1.5451878170146858
./learn_dataset_narrow_angle_single\sample_00519.npz,vehicle_only,0,0,1,115,0,True,1,201,0.0,1.7533109435543734
./learn_dataset_narrow_angle_single\sample_00520.npz,vehicle_only,0,0,1,130,0,True,1,143,0.0,1.6444107259384149
./learn_dataset_narrow_angle_single\sample_00521.npz,vehicle_only,0,0,1,138,0,True,1,112,0.0,1.5880159332721546
./learn_dataset_narrow_angle_single\sample_00522.npz,vehicle_only,0,0,1,110,0,True,1,220,0.0,1.7899827442879892
./learn_dataset_narrow_angle_single\sample_00523.npz,vehicle_only,0,0,1,148,0,True,1,74,0.0,1.520532255006001
./learn_dataset_narrow_angle_single\sample_00524.npz,vehicle_only,0,0,1,106,0,True,1,237,0.0,1.8232259588593702
./learn_dataset_narrow_angle_single\sample_00525.npz,vehicle_only,0,0,1,161,0,True,1,22,0.0,1.431002956646749
./learn_dataset_narrow_angle_single\sample_00526.npz,vehicle_only,0,0,1,128,0,True,1,152,0.0,1.6610155532711672
./learn_dataset_narrow_angle_single\sample_00527.npz,vehicle_only,0,0,1,143,0,True,1,94,0.0,1.5558278992547347
./learn_dataset_narrow_angle_single\sample_00528.npz,vehicle_only,0,0,1,102,0,True,1,253,0.0,1.8548931493160012
./learn_dataset_narrow_angle_single\sample_00529.npz,vehicle_only,0,0,1,111,0,True,1,216,0.0,1.78222037240415
./learn_dataset_narrow_angle_single\sample_00530.npz,vehicle_only,0,0,1,97,0,True,1,273,0.0,1.8950047045120821
./learn_dataset_narrow_angle_single\sample_00531.npz,vehicle_only,0,0,1,118,0,True,1,188,0.0,1.7285079433542614
./learn_dataset_narrow_angle_single\sample_00532.npz,vehicle_only,0,0,1,150,0,True,1,66,0.0,1.5065500000539578
./learn_dataset_narrow_angle_single\sample_00533.npz,vehicle_only,0,0,1,94,0,True,1,283,0.0,1.9152840477270847
./learn_dataset_narrow_angle_single\sample_00534.npz,vehicle_only,0,0,1,141,0,True,1,100,0.0,1.5665124267790125
./learn_dataset_narrow_angle_single\sample_00535.npz,vehicle_only,0,0,1,148,0,True,1,72,0.0,1.517029460521739
./learn_dataset_narrow_angle_single\sample_00536.npz,vehicle_only,0,0,1,97,0,True,1,271,0.0,1.8909668398499597
./learn_dataset_narrow_angle_single\sample_00537.npz,vehicle_only,0,0,1,149,0,True,1,70,0.0,1.513531493160663
./learn_dataset_narrow_angle_single\sample_00538.npz,vehicle_only,0,0,1,127,0,True,1,155,0.0,1.6665740635106154
./learn_dataset_narrow_angle_single\sample_00539.npz,vehicle_only,0,0,1,104,0,True,1,242,0.0,1.833082111525413
./learn_dataset_narrow_angle_single\sample_00540.npz,vehicle_only,0,0,1,134,0,True,1,126,0.0,1.6133324730132355
./learn_dataset_narrow_angle_single\sample_00541.npz,vehicle_only,0,0,1,121,0,True,1,178,0.0,1.7095856840726125
./learn_dataset_narrow_angle_single\sample_00542.npz,vehicle_only,0,0,1,109,0,True,1,225,0.0,1.7997174779133225
./learn_dataset_narrow_angle_single\sample_00543.npz,vehicle_only,0,0,1,92,0,True,1,290,0.0,1.9295694876459033
./learn_dataset_narrow_angle_single\sample_00544.npz,vehicle_only,0,0,1,136,0,True,1,118,0.0,1.598835475866979
./learn_dataset_narrow_angle_single\sample_00545.npz,vehicle_only,0,0,1,147,0,True,1,75,0.0,1.5222854655347118
./learn_dataset_narrow_angle_single\sample_00546.npz,vehicle_only,0,0,1,103,0,True,1,249,0.0,1.8469414893900702
./learn_dataset_narrow_angle_single\sample_00547.npz,vehicle_only,0,0,1,164,0,True,1,11,0.0,1.4124669789737807
./learn_dataset_narrow_angle_single\sample_00548.npz,vehicle_only,0,0,1,137,0,True,1,117,0.0,1.5970290617409333
./learn_dataset_narrow_angle_single\sample_00549.npz,vehicle_only,0,0,1,153,0,True,1,54,0.0,1.4857203429615773
./learn_dataset_narrow_angle_single\sample_00550.npz,vehicle_only,0,0,1,126,0,True,1,158,0.0,1.6721444202597473
./learn_dataset_narrow_angle_single\sample_00551.npz,vehicle_only,0,0,1,150,0,True,1,64,0.0,1.5030664544992576
./learn_dataset_narrow_angle_single\sample_00552.npz,vehicle_only,0,0,1,109,0,True,1,224,0.0,1.7977676991060159
./learn_dataset_narrow_angle_single\sample_00553.npz,vehicle_only,0,0,1,119,0,True,1,184,0.0,1.7209227595296086
./learn_dataset_narrow_angle_single\sample_00554.npz,vehicle_only,0,0,1,104,0,True,1,245,0.0,1.839013138934267
./learn_dataset_narrow_angle_single\sample_00555.npz,vehicle_only,0,0,1,166,0,True,1,2,0.0,1.3974033011861424
./learn_dataset_narrow_angle_single\sample_00556.npz,vehicle_only,0,0,1,156,0,True,1,43,0.0,1.4667764019323537
./learn_dataset_narrow_angle_single\sample_00557.npz,vehicle_only,0,0,1,135,0,True,1,123,0.0,1.607886561571958
./learn_dataset_narrow_angle_single\sample_00558.npz,vehicle_only,0,0,1,162,0,True,1,18,0.0,1.4242466296430165
./learn_dataset_narrow_angle_single\sample_00559.npz,vehicle_only,0,0,1,123,0,True,1,168,0.0,1.6907983208351867
./learn_dataset_narrow_angle_single\sample_00560.npz,vehicle_only,0,0,1,147,0,True,1,77,0.0,1.5257955194110484
./learn_dataset_narrow_angle_single\sample_00561.npz,vehicle_only,0,0,1,113,0,True,1,209,0.0,1.7686902678310237
./learn_dataset_narrow_angle_single\sample_00562.npz,vehicle_only,0,0,1,158,0,True,1,32,0.0,1.4479742005129088
./learn_dataset_narrow_angle_single\sample_00563.npz,vehicle_only,0,0,1,133,0,True,1,130,0.0,1.620611566564302
./learn_dataset_narrow_angle_single\sample_00564.npz,vehicle_only,0,0,1,139,0,True,1,106,0.0,1.5772416779049134
./learn_dataset_narrow_angle_single\sample_00565.npz,vehicle_only,0,0,1,112,0,True,1,213,0.0,1.776413354664785
./learn_dataset_narrow_angle_single\sample_00566.npz,vehicle_only,0,0,1,155,0,True,1,44,0.0,1.4684926974413772
./learn_dataset_narrow_angle_single\sample_00567.npz,vehicle_only,0,0,1,95,0,True,1,280,0.0,1.9091844388168868
./learn_dataset_narrow_angle_single\sample_00568.npz,vehicle_only,0,0,1,125,0,True,1,161,0.0,1.6777266613249275
./learn_dataset_narrow_angle_single\sample_00569.npz,vehicle_only,0,0,1,152,0,True,1,58,0.0,1.4926445035432814
./learn_dataset_narrow_angle_single\sample_00570.npz,vehicle_only,0,0,1,161,0,True,1,24,0.0,1.434387995177689
./learn_dataset_narrow_angle_single\sample_00571.npz,vehicle_only,0,0,1,163,0,True,1,16,0.0,1.4208753226120434
./learn_dataset_narrow_angle_single\sample_00572.npz,vehicle_only,0,0,1,138,0,True,1,110,0.0,1.5844194969254117
./learn_dataset_narrow_angle_single\sample_00573.npz,vehicle_only,0,0,1,131,0,True,1,138,0.0,1.6352313741120204
./learn_dataset_narrow_angle_single\sample_00574.npz,vehicle_only,0,0,1,118,0,True,1,191,0.0,1.7342111426850886
./learn_dataset_narrow_angle_single\sample_00575.npz,vehicle_only,0,0,1,162,0,True,1,17,0.0,1.4225604057192487
./learn_dataset_narrow_angle_single\sample_00576.npz,vehicle_only,0,0,1,105,0,True,1,241,0.0,1.8311079959069299
./learn_dataset_narrow_angle_single\sample_00577.npz,vehicle_only,0,0,1,138,0,True,1,111,0.0,1.586217086769514
./learn_dataset_narrow_angle_single\sample_00578.npz,vehicle_only,0,0,1,116,0,True,1,196,0.0,1.7437438522678161
./learn_dataset_narrow_angle_single\sample_00579.npz,vehicle_only,0,0,1,158,0,True,1,35,0.0,1.4530881074993338
./learn_dataset_narrow_angle_single\sample_00580.npz,vehicle_only,0,0,1,157,0,True,1,36,0.0,1.4547950653145751
./learn_dataset_narrow_angle_single\sample_00581.npz,vehicle_only,0,0,1,120,0,True,1,183,0.0,1.7190298613234423
./learn_dataset_narrow_angle_single\sample_00582.npz,vehicle_only,0,0,1,154,0,True,1,50,0.0,1.4788151367571873
./learn_dataset_narrow_angle_single\sample_00583.npz,vehicle_only,0,0,1,165,0,True,1,7,0.0,1.4057607214232668
./learn_dataset_narrow_angle_single\sample_00584.npz,vehicle_only,0,0,1,140,0,True,1,103,0.0,1.5718714444064892
./learn_dataset_narrow_angle_single\sample_00585.npz,vehicle_only,0,0,1,121,0,True,1,176,0.0,1.7058174659032939
./learn_dataset_narrow_angle_single\sample_00586.npz,vehicle_only,0,0,1,131,0,True,1,140,0.0,1.6388992268563658
./learn_dataset_narrow_angle_single\sample_00587.npz,vehicle_only,0,0,1,92,0,True,1,289,0.0,1.92752415083383
./learn_dataset_narrow_angle_single\sample_00588.npz,vehicle_only,0,0,1,156,0,True,1,42,0.0,1.4650612778088081
./learn_dataset_narrow_angle_single\sample_00589.npz,vehicle_only,0,0,1,161,0,True,1,23,0.0,1.4326949020242759
./learn_dataset_narrow_angle_single\sample_00590.npz,vehicle_only,0,0,1,96,0,True,1,276,0.0,1.9010727248904642
./learn_dataset_narrow_angle_single\sample_00591.npz,vehicle_only,0,0,1,125,0,True,1,164,0.0,1.6833208246731068
./learn_dataset_narrow_angle_single\sample_00592.npz,vehicle_only,0,0,1,137,0,True,1,114,0.0,1.5916174015135602
./learn_dataset_narrow_angle_single\sample_00593.npz,vehicle_only,0,0,1,106,0,True,1,238,0.0,1.8251943074614583
./learn_dataset_narrow_angle_single\sample_00594.npz,vehicle_only,0,0,1,163,0,True,1,15,0.0,1.4191913791669706
./learn_dataset_narrow_angle_single\sample_00595.npz,vehicle_only,0,0,1,130,0,True,1,142,0.0,1.6425722617563052
./learn_dataset_narrow_angle_single\sample_00596.npz,vehicle_only,0,0,1,117,0,True,1,195,0.0,1.7418345657373786
./learn_dataset_narrow_angle_single\sample_00597.npz,vehicle_only,0,0,1,157,0,True,1,37,0.0,1.4565031861790931
./learn_dataset_narrow_angle_single\sample_00598.npz,vehicle_only,0,0,1,141,0,True,1,98,0.0,1.5629459621068065
./learn_dataset_narrow_angle_single\sample_00599.npz,vehicle_only,0,0,1,131,0,True,1,137,0.0,1.6333993876316049
