sample_id,file,target_kind,source_index,num_angles,true_range,true_velocity,true_angle_deg,true_d_idx,true_r_idx,valid
0,./learn_dataset_vehicle_single\sample_00000.npz,vehicle,1,1,300.028765287597,9.829057547776102,1.3957351926611101,1,166,1
1,./learn_dataset_vehicle_single\sample_00001.npz,vehicle,2,1,299.93047527718824,9.82894451547657,1.3974033011861424,1,166,1
2,./learn_dataset_vehicle_single\sample_00002.npz,vehicle,3,1,299.8321863976581,9.82883137199782,1.399072533373227,1,166,1
3,./learn_dataset_vehicle_single\sample_00003.npz,vehicle,4,1,299.73389865011933,9.828718117195274,1.4007428903552814,1,166,1
4,./learn_dataset_vehicle_single\sample_00004.npz,vehicle,5,1,299.63561203568577,9.828604750924129,1.4024143732667456,1,165,1
5,./learn_dataset_vehicle_single\sample_00005.npz,vehicle,6,1,299.5373265554729,9.82849127303934,1.4040869832435796,1,165,1
6,./learn_dataset_vehicle_single\sample_00006.npz,vehicle,7,1,299.4390422105975,9.828377683395635,1.4057607214232668,1,165,1
7,./learn_dataset_vehicle_single\sample_00007.npz,vehicle,8,1,299.340759002178,9.828263981847504,1.407435588944822,1,165,1
8,./learn_dataset_vehicle_single\sample_00008.npz,vehicle,9,1,299.24247693133407,9.828150168249206,1.4091115869487865,1,164,1
9,./learn_dataset_vehicle_single\sample_00009.npz,vehicle,10,1,299.144195999187,9.82803624245476,1.4107887165772361,1,164,1
10,./learn_dataset_vehicle_single\sample_00010.npz,vehicle,11,1,299.04591620685943,9.827922204317954,1.4124669789737807,1,164,1
11,./learn_dataset_vehicle_single\sample_00011.npz,vehicle,12,1,298.9476375554756,9.827808053692335,1.4141463752835663,1,164,1
12,./learn_dataset_vehicle_single\sample_00012.npz,vehicle,13,1,298.84936004616105,9.827693790431217,1.415826906653283,1,163,1
13,./learn_dataset_vehicle_single\sample_00013.npz,vehicle,14,1,298.75108368004294,9.827579414387676,1.417508574231158,1,163,1
14,./learn_dataset_vehicle_single\sample_00014.npz,vehicle,15,1,298.65280845824975,9.827464925414553,1.4191913791669706,1,163,1
15,./learn_dataset_vehicle_single\sample_00015.npz,vehicle,16,1,298.55453438191154,9.827350323364445,1.4208753226120434,1,163,1
16,./learn_dataset_vehicle_single\sample_00016.npz,vehicle,17,1,298.4562614521599,9.827235608089717,1.4225604057192487,1,162,1
17,./learn_dataset_vehicle_single\sample_00017.npz,vehicle,18,1,298.35798967012767,9.827120779442492,1.4242466296430165,1,162,1
18,./learn_dataset_vehicle_single\sample_00018.npz,vehicle,19,1,298.25971903694943,9.827005837274653,1.4259339955393266,1,162,1
19,./learn_dataset_vehicle_single\sample_00019.npz,vehicle,20,1,298.16144955376103,9.826890781437847,1.4276225045657245,1,162,1
20,./learn_dataset_vehicle_single\sample_00020.npz,vehicle,21,1,298.0631812217,9.826775611783475,1.4293121578813106,1,161,1
21,./learn_dataset_vehicle_single\sample_00021.npz,vehicle,22,1,297.9649140419053,9.826660328162701,1.431002956646749,1,161,1
22,./learn_dataset_vehicle_single\sample_00022.npz,vehicle,23,1,297.86664801551717,9.826544930426449,1.4326949020242759,1,161,1
23,./learn_dataset_vehicle_single\sample_00023.npz,vehicle,24,1,297.7683831436776,9.8264294184254,1.434387995177689,1,161,1
24,./learn_dataset_vehicle_single\sample_00024.npz,vehicle,25,1,297.67011942753004,9.826313792009993,1.4360822372723632,1,160,1
25,./learn_dataset_vehicle_single\sample_00025.npz,vehicle,26,1,297.5718568682193,9.82619805103042,1.4377776294752445,1,160,1
26,./learn_dataset_vehicle_single\sample_00026.npz,vehicle,27,1,297.4735954668918,9.82608219533664,1.4394741729548552,1,160,1
27,./learn_dataset_vehicle_single\sample_00027.npz,vehicle,28,1,297.37533522469545,9.82596622477836,1.4411718688813009,1,160,1
28,./learn_dataset_vehicle_single\sample_00028.npz,vehicle,29,1,297.27707614277966,9.825850139205045,1.4428707184262641,1,159,1
29,./learn_dataset_vehicle_single\sample_00029.npz,vehicle,30,1,297.17881822229526,9.825733938465916,1.444570722763017,1,159,1
30,./learn_dataset_vehicle_single\sample_00030.npz,vehicle,31,1,297.0805614643947,9.825617622409954,1.4462718830664163,1,159,1
31,./learn_dataset_vehicle_single\sample_00031.npz,vehicle,32,1,296.9823058702319,9.825501190885886,1.4479742005129088,1,158,1
32,./learn_dataset_vehicle_single\sample_00032.npz,vehicle,33,1,296.88405144096237,9.825384643742197,1.4496776762805355,1,158,1
33,./learn_dataset_vehicle_single\sample_00033.npz,vehicle,34,1,296.785798177743,9.825267980827126,1.4513823115489322,1,158,1
34,./learn_dataset_vehicle_single\sample_00034.npz,vehicle,35,1,296.68754608173225,9.825151201988668,1.4530881074993338,1,158,1
35,./learn_dataset_vehicle_single\sample_00035.npz,vehicle,36,1,296.5892951540901,9.825034307074567,1.4547950653145751,1,157,1
36,./learn_dataset_vehicle_single\sample_00036.npz,vehicle,37,1,296.4910453959782,9.824917295932318,1.4565031861790931,1,157,1
37,./learn_dataset_vehicle_single\sample_00037.npz,vehicle,38,1,296.3927968085594,9.824800168409173,1.4582124712789357,1,157,1
38,./learn_dataset_vehicle_single\sample_00038.npz,vehicle,39,1,296.2945493929985,9.824682924352127,1.4599229218017546,1,157,1
39,./learn_dataset_vehicle_single\sample_00039.npz,vehicle,40,1,296.19630315046135,9.824565563607939,1.4616345389368166,1,156,1
40,./learn_dataset_vehicle_single\sample_00040.npz,vehicle,41,1,296.09805808211576,9.824448086023104,1.463347323875002,1,156,1
41,./learn_dataset_vehicle_single\sample_00041.npz,vehicle,42,1,295.99981418913086,9.824330491443876,1.4650612778088081,1,156,1
42,./learn_dataset_vehicle_single\sample_00042.npz,vehicle,43,1,295.90157147267735,9.824212779716257,1.4667764019323537,1,156,1
43,./learn_dataset_vehicle_single\sample_00043.npz,vehicle,44,1,295.80332993392756,9.824094950685991,1.4684926974413772,1,155,1
44,./learn_dataset_vehicle_single\sample_00044.npz,vehicle,45,1,295.7050895740552,9.823977004198582,1.4702101655332451,1,155,1
45,./learn_dataset_vehicle_single\sample_00045.npz,vehicle,46,1,295.6068503942356,9.823858940099274,1.4719288074069532,1,155,1
46,./learn_dataset_vehicle_single\sample_00046.npz,vehicle,47,1,295.5086123956458,9.823740758233058,1.4736486242631228,1,155,1
47,./learn_dataset_vehicle_single\sample_00047.npz,vehicle,48,1,295.410375579464,9.823622458444678,1.4753696173040158,1,154,1
48,./learn_dataset_vehicle_single\sample_00048.npz,vehicle,49,1,295.31213994687045,9.823504040578618,1.477091787733525,1,154,1
49,./learn_dataset_vehicle_single\sample_00049.npz,vehicle,50,1,295.2139054990466,9.823385504479111,1.4788151367571873,1,154,1
50,./learn_dataset_vehicle_single\sample_00050.npz,vehicle,51,1,295.1156722371755,9.823266849990135,1.4805396655821785,1,154,1
51,./learn_dataset_vehicle_single\sample_00051.npz,vehicle,52,1,295.0174401624419,9.823148076955412,1.4822653754173187,1,153,1
52,./learn_dataset_vehicle_single\sample_00052.npz,vehicle,53,1,294.91920927603206,9.823029185218413,1.4839922674730792,1,153,1
53,./learn_dataset_vehicle_single\sample_00053.npz,vehicle,54,1,294.8209795791338,9.822910174622345,1.4857203429615773,1,153,1
54,./learn_dataset_vehicle_single\sample_00054.npz,vehicle,55,1,294.7227510729363,9.822791045010169,1.4874496030965891,1,153,1
55,./learn_dataset_vehicle_single\sample_00055.npz,vehicle,56,1,294.62452375863074,9.822671796224578,1.4891800490935412,1,152,1
56,./learn_dataset_vehicle_single\sample_00056.npz,vehicle,57,1,294.52629763740964,9.822552428108008,1.4909116821695212,1,152,1
57,./learn_dataset_vehicle_single\sample_00057.npz,vehicle,58,1,294.42807271046695,9.822432940502651,1.4926445035432814,1,152,1
58,./learn_dataset_vehicle_single\sample_00058.npz,vehicle,59,1,294.3298489789984,9.822313333250424,1.4943785144352322,1,152,1
59,./learn_dataset_vehicle_single\sample_00059.npz,vehicle,60,1,294.23162644420125,9.822193606192997,1.4961137160674587,1,151,1
60,./learn_dataset_vehicle_single\sample_00060.npz,vehicle,61,1,294.13340510727437,9.822073759171772,1.4978501096637116,1,151,1
61,./learn_dataset_vehicle_single\sample_00061.npz,vehicle,62,1,294.03518496941825,9.821953792027891,1.4995876964494144,1,151,1
62,./learn_dataset_vehicle_single\sample_00062.npz,vehicle,63,1,293.93696603183474,9.821833704602247,1.5013264776516706,1,151,1
63,./learn_dataset_vehicle_single\sample_00063.npz,vehicle,64,1,293.83874829572767,9.821713496735454,1.5030664544992576,1,150,1
64,./learn_dataset_vehicle_single\sample_00064.npz,vehicle,65,1,293.7405317623021,9.821593168267878,1.5048076282226384,1,150,1
65,./learn_dataset_vehicle_single\sample_00065.npz,vehicle,66,1,293.6423164327648,9.821472719039624,1.5065500000539578,1,150,1
66,./learn_dataset_vehicle_single\sample_00066.npz,vehicle,67,1,293.54410230832434,9.82135214889052,1.508293571227049,1,149,1
67,./learn_dataset_vehicle_single\sample_00067.npz,vehicle,68,1,293.44588939019064,9.821231457660145,1.5100383429774378,1,149,1
68,./learn_dataset_vehicle_single\sample_00068.npz,vehicle,69,1,293.3476776795753,9.821110645187812,1.5117843165423372,1,149,1
69,./learn_dataset_vehicle_single\sample_00069.npz,vehicle,70,1,293.24946717769154,9.820989711312563,1.513531493160663,1,149,1
70,./learn_dataset_vehicle_single\sample_00070.npz,vehicle,71,1,293.15125788575426,9.820868655873182,1.5152798740730262,1,148,1
71,./learn_dataset_vehicle_single\sample_00071.npz,vehicle,72,1,293.0530498049799,9.820747478708183,1.517029460521739,1,148,1
72,./learn_dataset_vehicle_single\sample_00072.npz,vehicle,73,1,292.9548429365864,9.820626179655823,1.5187802537508226,1,148,1
73,./learn_dataset_vehicle_single\sample_00073.npz,vehicle,74,1,292.85663728179355,9.820504758554081,1.520532255006001,1,148,1
74,./learn_dataset_vehicle_single\sample_00074.npz,vehicle,75,1,292.7584328418227,9.820383215240675,1.5222854655347118,1,147,1
75,./learn_dataset_vehicle_single\sample_00075.npz,vehicle,76,1,292.6602296178966,9.820261549553061,1.524039886586107,1,147,1
76,./learn_dataset_vehicle_single\sample_00076.npz,vehicle,77,1,292.56202761124007,9.820139761328415,1.5257955194110484,1,147,1
77,./learn_dataset_vehicle_single\sample_00077.npz,vehicle,78,1,292.4638268230791,9.820017850403655,1.5275523652621288,1,147,1
78,./learn_dataset_vehicle_single\sample_00078.npz,vehicle,79,1,292.3656272546416,9.819895816615427,1.529310425393651,1,146,1
79,./learn_dataset_vehicle_single\sample_00079.npz,vehicle,80,1,292.2674289071569,9.819773659800108,1.5310697010616539,1,146,1
80,./learn_dataset_vehicle_single\sample_00080.npz,vehicle,81,1,292.1692317818562,9.819651379793804,1.5328301935238962,1,146,1
81,./learn_dataset_vehicle_single\sample_00081.npz,vehicle,82,1,292.0710358799722,9.81952897643235,1.5345919040398732,1,146,1
82,./learn_dataset_vehicle_single\sample_00082.npz,vehicle,83,1,291.9728412027393,9.819406449551314,1.5363548338708128,1,145,1
83,./learn_dataset_vehicle_single\sample_00083.npz,vehicle,84,1,291.87464775139347,9.819283798985989,1.5381189842796785,1,145,1
84,./learn_dataset_vehicle_single\sample_00084.npz,vehicle,85,1,291.7764555271724,9.819161024571395,1.5398843565311773,1,145,1
85,./learn_dataset_vehicle_single\sample_00085.npz,vehicle,86,1,291.6782645313154,9.819038126142281,1.5416509518917576,1,145,1
86,./learn_dataset_vehicle_single\sample_00086.npz,vehicle,87,1,291.58007476506344,9.818915103533127,1.5434187716296115,1,144,1
87,./learn_dataset_vehicle_single\sample_00087.npz,vehicle,88,1,291.4818862296592,9.818791956578131,1.5451878170146858,1,144,1
88,./learn_dataset_vehicle_single\sample_00088.npz,vehicle,89,1,291.38369892634694,9.818668685111225,1.5469580893186745,1,144,1
89,./learn_dataset_vehicle_single\sample_00089.npz,vehicle,90,1,291.2855128563726,9.81854528896606,1.5487295898150304,1,144,1
90,./learn_dataset_vehicle_single\sample_00090.npz,vehicle,91,1,291.1873280209837,9.81842176797602,1.5505023197789602,1,143,1
91,./learn_dataset_vehicle_single\sample_00091.npz,vehicle,92,1,291.08914442142975,9.818298121974198,1.552276280487437,1,143,1
92,./learn_dataset_vehicle_single\sample_00092.npz,vehicle,93,1,290.99096205896154,9.818174350793429,1.5540514732191946,1,143,1
93,./learn_dataset_vehicle_single\sample_00093.npz,vehicle,94,1,290.89278093483176,9.818050454266258,1.5558278992547347,1,143,1
94,./learn_dataset_vehicle_single\sample_00094.npz,vehicle,95,1,290.7946010502946,9.817926432224962,1.5576055598763323,1,142,1
95,./learn_dataset_vehicle_single\sample_00095.npz,vehicle,96,1,290.69642240660613,9.817802284501532,1.559384456368032,1,142,1
96,./learn_dataset_vehicle_single\sample_00096.npz,vehicle,97,1,290.59824500502407,9.817678010927683,1.5611645900156557,1,142,1
97,./learn_dataset_vehicle_single\sample_00097.npz,vehicle,98,1,290.50006884680766,9.817553611334853,1.5629459621068065,1,141,1
98,./learn_dataset_vehicle_single\sample_00098.npz,vehicle,99,1,290.40189393321805,9.817429085554197,1.5647285739308676,1,141,1
99,./learn_dataset_vehicle_single\sample_00099.npz,vehicle,100,1,290.30372026551777,9.8173044334166,1.5665124267790125,1,141,1
100,./learn_dataset_vehicle_single\sample_00100.npz,vehicle,101,1,290.2055478449714,9.81717965475265,1.568297521944197,1,141,1
101,./learn_dataset_vehicle_single\sample_00101.npz,vehicle,102,1,290.1073766728451,9.817054749392662,1.5700838607211731,1,140,1
102,./learn_dataset_vehicle_single\sample_00102.npz,vehicle,103,1,290.00920675040646,9.816929717166676,1.5718714444064892,1,140,1
103,./learn_dataset_vehicle_single\sample_00103.npz,vehicle,104,1,289.9110380789252,9.816804557904439,1.5736602742984853,1,140,1
104,./learn_dataset_vehicle_single\sample_00104.npz,vehicle,105,1,289.8128706596724,9.816679271435419,1.5754503516973113,1,140,1
105,./learn_dataset_vehicle_single\sample_00105.npz,vehicle,106,1,289.71470449392103,9.8165538575888,1.5772416779049134,1,139,1
106,./learn_dataset_vehicle_single\sample_00106.npz,vehicle,107,1,289.6165395829458,9.816428316193484,1.57903425422505,1,139,1
107,./learn_dataset_vehicle_single\sample_00107.npz,vehicle,108,1,289.5183759280229,9.816302647078087,1.580828081963288,1,139,1
108,./learn_dataset_vehicle_single\sample_00108.npz,vehicle,109,1,289.42021353043054,9.816176850070939,1.5826231624270086,1,139,1
109,./learn_dataset_vehicle_single\sample_00109.npz,vehicle,110,1,289.3220523914484,9.816050925000086,1.5844194969254117,1,138,1
110,./learn_dataset_vehicle_single\sample_00110.npz,vehicle,111,1,289.22389251235796,9.815924871693285,1.586217086769514,1,138,1
111,./learn_dataset_vehicle_single\sample_00111.npz,vehicle,112,1,289.12573389444253,9.815798689978012,1.5880159332721546,1,138,1
112,./learn_dataset_vehicle_single\sample_00112.npz,vehicle,113,1,289.027576538987,9.815672379681448,1.5898160377480055,1,138,1
113,./learn_dataset_vehicle_single\sample_00113.npz,vehicle,114,1,288.9294204472781,9.815545940630487,1.5916174015135602,1,137,1
114,./learn_dataset_vehicle_single\sample_00114.npz,vehicle,115,1,288.83126562060414,9.815419372651746,1.5934200258871498,1,137,1
115,./learn_dataset_vehicle_single\sample_00115.npz,vehicle,116,1,288.7331120602554,9.815292675571534,1.5952239121889402,1,137,1
116,./learn_dataset_vehicle_single\sample_00116.npz,vehicle,117,1,288.63495976752364,9.815165849215889,1.5970290617409333,1,137,1
117,./learn_dataset_vehicle_single\sample_00117.npz,vehicle,118,1,288.5368087437026,9.815038893410543,1.598835475866979,1,136,1
118,./learn_dataset_vehicle_single\sample_00118.npz,vehicle,119,1,288.43865899008756,9.814911807980947,1.6006431558927654,1,136,1
119,./learn_dataset_vehicle_single\sample_00119.npz,vehicle,120,1,288.34051050797564,9.81478459275226,1.6024521031458379,1,136,1
120,./learn_dataset_vehicle_single\sample_00120.npz,vehicle,121,1,288.24236329866574,9.814657247549341,1.6042623189555858,1,136,1
121,./learn_dataset_vehicle_single\sample_00121.npz,vehicle,122,1,288.1442173634585,9.814529772196767,1.6060738046532557,1,135,1
122,./learn_dataset_vehicle_single\sample_00122.npz,vehicle,123,1,288.0460727036562,9.814402166518818,1.607886561571958,1,135,1
123,./learn_dataset_vehicle_single\sample_00123.npz,vehicle,124,1,287.9479293205631,9.814274430339472,1.609700591046654,1,135,1
124,./learn_dataset_vehicle_single\sample_00124.npz,vehicle,125,1,287.84978721548504,9.814146563482426,1.61151589441418,1,135,1
125,./learn_dataset_vehicle_single\sample_00125.npz,vehicle,126,1,287.7516463897296,9.814018565771075,1.6133324730132355,1,134,1
126,./learn_dataset_vehicle_single\sample_00126.npz,vehicle,127,1,287.6535068446064,9.813890437028517,1.6151503281843882,1,134,1
127,./learn_dataset_vehicle_single\sample_00127.npz,vehicle,128,1,287.5553685814264,9.813762177077562,1.6169694612700891,1,134,1
128,./learn_dataset_vehicle_single\sample_00128.npz,vehicle,129,1,287.45723160150277,9.813633785740711,1.6187898736146578,1,134,1
129,./learn_dataset_vehicle_single\sample_00129.npz,vehicle,130,1,287.3590959061502,9.813505262840177,1.620611566564302,1,133,1
130,./learn_dataset_vehicle_single\sample_00130.npz,vehicle,131,1,287.26096149668507,9.813376608197876,1.6224345414671089,1,133,1
131,./learn_dataset_vehicle_single\sample_00131.npz,vehicle,132,1,287.16282837442594,9.813247821635414,1.624258799673054,1,133,1
132,./learn_dataset_vehicle_single\sample_00132.npz,vehicle,133,1,287.0646965406927,9.813118902974116,1.6260843425340068,1,132,1
133,./learn_dataset_vehicle_single\sample_00133.npz,vehicle,134,1,286.9665659968074,9.81298985203499,1.627911171403728,1,132,1
134,./learn_dataset_vehicle_single\sample_00134.npz,vehicle,135,1,286.8684367440936,9.812860668638754,1.6297392876378773,1,132,1
135,./learn_dataset_vehicle_single\sample_00135.npz,vehicle,136,1,286.7703087838767,9.812731352605823,1.6315686925940158,1,132,1
136,./learn_dataset_vehicle_single\sample_00136.npz,vehicle,137,1,286.67218211748417,9.812601903756308,1.6333993876316049,1,131,1
137,./learn_dataset_vehicle_single\sample_00137.npz,vehicle,138,1,286.5740567462449,9.812472321910022,1.6352313741120204,1,131,1
138,./learn_dataset_vehicle_single\sample_00138.npz,vehicle,139,1,286.4759326714899,9.812342606886471,1.637064653398541,1,131,1
139,./learn_dataset_vehicle_single\sample_00139.npz,vehicle,140,1,286.3778098945517,9.812212758504861,1.6388992268563658,1,131,1
140,./learn_dataset_vehicle_single\sample_00140.npz,vehicle,141,1,286.2796884167649,9.812082776584095,1.6407350958526088,1,130,1
141,./learn_dataset_vehicle_single\sample_00141.npz,vehicle,142,1,286.1815682394658,9.811952660942765,1.6425722617563052,1,130,1
142,./learn_dataset_vehicle_single\sample_00142.npz,vehicle,143,1,286.0834493639924,9.81182241139917,1.6444107259384149,1,130,1
143,./learn_dataset_vehicle_single\sample_00143.npz,vehicle,144,1,285.98533179168476,9.811692027771288,1.6462504897718244,1,130,1
144,./learn_dataset_vehicle_single\sample_00144.npz,vehicle,145,1,285.88721552388455,9.811561509876805,1.6480915546313517,1,129,1
145,./learn_dataset_vehicle_single\sample_00145.npz,vehicle,146,1,285.78910056193536,9.81143085753309,1.6499339218937512,1,129,1
146,./learn_dataset_vehicle_single\sample_00146.npz,vehicle,147,1,285.69098690718266,9.811300070557209,1.65177759293771,1,129,1
147,./learn_dataset_vehicle_single\sample_00147.npz,vehicle,148,1,285.5928745609736,9.811169148765922,1.6536225691438633,1,129,1
148,./learn_dataset_vehicle_single\sample_00148.npz,vehicle,149,1,285.49476352465734,9.811038091975673,1.6554688518947847,1,128,1
149,./learn_dataset_vehicle_single\sample_00149.npz,vehicle,150,1,285.39665379958467,9.810906900002605,1.6573164425749995,1,128,1
150,./learn_dataset_vehicle_single\sample_00150.npz,vehicle,151,1,285.29854538710845,9.810775572662545,1.6591653425709845,1,128,1
151,./learn_dataset_vehicle_single\sample_00151.npz,vehicle,152,1,285.2004382885833,9.810644109771008,1.6610155532711672,1,128,1
152,./learn_dataset_vehicle_single\sample_00152.npz,vehicle,153,1,285.1023325053655,9.81051251114321,1.6628670760659394,1,127,1
153,./learn_dataset_vehicle_single\sample_00153.npz,vehicle,154,1,285.0042280388135,9.81038077659404,1.66471991234765,1,127,1
154,./learn_dataset_vehicle_single\sample_00154.npz,vehicle,155,1,284.90612489028734,9.810248905938082,1.6665740635106154,1,127,1
155,./learn_dataset_vehicle_single\sample_00155.npz,vehicle,156,1,284.808023061149,9.810116898989609,1.6684295309511203,1,127,1
156,./learn_dataset_vehicle_single\sample_00156.npz,vehicle,157,1,284.70992255276246,9.80998475556257,1.6702863160674195,1,126,1
157,./learn_dataset_vehicle_single\sample_00157.npz,vehicle,158,1,284.61182336649335,9.809852475470613,1.6721444202597473,1,126,1
158,./learn_dataset_vehicle_single\sample_00158.npz,vehicle,159,1,284.5137255037092,9.809720058527066,1.674003844930314,1,126,1
159,./learn_dataset_vehicle_single\sample_00159.npz,vehicle,160,1,284.4156289657796,9.809587504544934,1.6758645914833148,1,126,1
160,./learn_dataset_vehicle_single\sample_00160.npz,vehicle,161,1,284.3175337540757,9.809454813336918,1.6777266613249275,1,125,1
161,./learn_dataset_vehicle_single\sample_00161.npz,vehicle,162,1,284.21943986997087,9.809321984715393,1.679590055863323,1,125,1
162,./learn_dataset_vehicle_single\sample_00162.npz,vehicle,163,1,284.1213473148401,9.80918901849242,1.6814547765086632,1,125,1
163,./learn_dataset_vehicle_single\sample_00163.npz,vehicle,164,1,284.02325609006033,9.809055914479739,1.6833208246731068,1,125,1
164,./learn_dataset_vehicle_single\sample_00164.npz,vehicle,165,1,283.9251661970104,9.808922672488778,1.6851882017708144,1,124,1
165,./learn_dataset_vehicle_single\sample_00165.npz,vehicle,166,1,283.8270776370711,9.808789292330639,1.687056909217949,1,124,1
166,./learn_dataset_vehicle_single\sample_00166.npz,vehicle,167,1,283.72899041162503,9.808655773816104,1.688926948432679,1,124,1
167,./learn_dataset_vehicle_single\sample_00167.npz,vehicle,168,1,283.6309045220566,9.808522116755642,1.6907983208351867,1,123,1
168,./learn_dataset_vehicle_single\sample_00168.npz,vehicle,169,1,283.5328199697524,9.808388320959388,1.6926710278476658,1,123,1
169,./learn_dataset_vehicle_single\sample_00169.npz,vehicle,170,1,283.4347367561005,9.808254386237168,1.694545070894331,1,123,1
170,./learn_dataset_vehicle_single\sample_00170.npz,vehicle,171,1,283.3366548824913,9.808120312398477,1.696420451401416,1,123,1
171,./learn_dataset_vehicle_single\sample_00171.npz,vehicle,172,1,283.2385743503169,9.807986099252485,1.6982971707971803,1,122,1
172,./learn_dataset_vehicle_single\sample_00172.npz,vehicle,173,1,283.1404951609713,9.80785174660805,1.7001752305119122,1,122,1
173,./learn_dataset_vehicle_single\sample_00173.npz,vehicle,174,1,283.0424173158504,9.807717254273689,1.70205463197793,1,122,1
174,./learn_dataset_vehicle_single\sample_00174.npz,vehicle,175,1,282.94434081635205,9.807582622057609,1.703935376629593,1,122,1
175,./learn_dataset_vehicle_single\sample_00175.npz,vehicle,176,1,282.8462656638761,9.80744784976768,1.7058174659032939,1,121,1
176,./learn_dataset_vehicle_single\sample_00176.npz,vehicle,177,1,282.7481918598243,9.80731293721145,1.7077009012374713,1,121,1
177,./learn_dataset_vehicle_single\sample_00177.npz,vehicle,178,1,282.6501194056001,9.807177884196141,1.7095856840726125,1,121,1
178,./learn_dataset_vehicle_single\sample_00178.npz,vehicle,179,1,282.55204830260925,9.807042690528643,1.7114718158512492,1,121,1
179,./learn_dataset_vehicle_single\sample_00179.npz,vehicle,180,1,282.453978552259,9.806907356015525,1.7133592980179737,1,120,1
180,./learn_dataset_vehicle_single\sample_00180.npz,vehicle,181,1,282.355910155959,9.806771880463014,1.715248132019431,1,120,1
181,./learn_dataset_vehicle_single\sample_00181.npz,vehicle,182,1,282.2578431151205,9.80663626367702,1.7171383193043288,1,120,1
182,./learn_dataset_vehicle_single\sample_00182.npz,vehicle,183,1,282.1597774311569,9.806500505463115,1.7190298613234423,1,120,1
183,./learn_dataset_vehicle_single\sample_00183.npz,vehicle,184,1,282.06171310548336,9.806364605626541,1.7209227595296086,1,119,1
184,./learn_dataset_vehicle_single\sample_00184.npz,vehicle,185,1,281.9636501395171,9.806228563972212,1.7228170153777458,1,119,1
185,./learn_dataset_vehicle_single\sample_00185.npz,vehicle,186,1,281.8655885346773,9.806092380304705,1.7247126303248406,1,119,1
186,./learn_dataset_vehicle_single\sample_00186.npz,vehicle,187,1,281.767528292385,9.805956054428265,1.7266096058299611,1,119,1
187,./learn_dataset_vehicle_single\sample_00187.npz,vehicle,188,1,281.66946941406337,9.805819586146802,1.7285079433542614,1,118,1
188,./learn_dataset_vehicle_single\sample_00188.npz,vehicle,189,1,281.5714119011374,9.805682975263892,1.7304076443609804,1,118,1
189,./learn_dataset_vehicle_single\sample_00189.npz,vehicle,190,1,281.4733557550341,9.805546221582778,1.732308710315448,1,118,1
190,./learn_dataset_vehicle_single\sample_00190.npz,vehicle,191,1,281.3753009771824,9.805409324906368,1.7342111426850886,1,118,1
191,./learn_dataset_vehicle_single\sample_00191.npz,vehicle,192,1,281.2772475690133,9.805272285037224,1.7361149429394236,1,117,1
192,./learn_dataset_vehicle_single\sample_00192.npz,vehicle,193,1,281.17919553195964,9.805135101777584,1.738020112550079,1,117,1
193,./learn_dataset_vehicle_single\sample_00193.npz,vehicle,194,1,281.08114486745643,9.804997774929333,1.7399266529907844,1,117,1
194,./learn_dataset_vehicle_single\sample_00194.npz,vehicle,195,1,280.98309557694034,9.804860304294039,1.7418345657373786,1,117,1
195,./learn_dataset_vehicle_single\sample_00195.npz,vehicle,196,1,280.8850476618504,9.804722689672904,1.7437438522678161,1,116,1
196,./learn_dataset_vehicle_single\sample_00196.npz,vehicle,197,1,280.78700112362753,9.804584930866808,1.7456545140621638,1,116,1
197,./learn_dataset_vehicle_single\sample_00197.npz,vehicle,198,1,280.68895596371436,9.80444702767629,1.7475665526026145,1,116,1
198,./learn_dataset_vehicle_single\sample_00198.npz,vehicle,199,1,280.59091218355593,9.804308979901533,1.7494799693734815,1,116,1
199,./learn_dataset_vehicle_single\sample_00199.npz,vehicle,200,1,280.492869784599,9.804170787342395,1.7513947658612101,1,115,1
200,./learn_dataset_vehicle_single\sample_00200.npz,vehicle,201,1,280.39482876829237,9.804032449798385,1.7533109435543734,1,115,1
201,./learn_dataset_vehicle_single\sample_00201.npz,vehicle,202,1,280.296789136087,9.803893967068662,1.755228503943683,1,115,1
202,./learn_dataset_vehicle_single\sample_00202.npz,vehicle,203,1,280.19875088943564,9.80375533895205,1.7571474485219911,1,114,1
203,./learn_dataset_vehicle_single\sample_00203.npz,vehicle,204,1,280.10071402979327,9.80361656524702,1.75906777878429,1,114,1
204,./learn_dataset_vehicle_single\sample_00204.npz,vehicle,205,1,280.00267855861665,9.80347764575171,1.7609894962277257,1,114,1
205,./learn_dataset_vehicle_single\sample_00205.npz,vehicle,206,1,279.9046444773648,9.803338580263896,1.7629126023515886,1,114,1
206,./learn_dataset_vehicle_single\sample_00206.npz,vehicle,207,1,279.8066117874987,9.803199368581014,1.7648370986573259,1,113,1
207,./learn_dataset_vehicle_single\sample_00207.npz,vehicle,208,1,279.7085804904812,9.803060010500154,1.7667629866485477,1,113,1
208,./learn_dataset_vehicle_single\sample_00208.npz,vehicle,209,1,279.61055058777737,9.802920505818058,1.7686902678310237,1,113,1
209,./learn_dataset_vehicle_single\sample_00209.npz,vehicle,210,1,279.5125220808542,9.802780854331113,1.7706189437126894,1,113,1
210,./learn_dataset_vehicle_single\sample_00210.npz,vehicle,211,1,279.4144949711808,9.802641055835362,1.772549015803655,1,112,1
211,./learn_dataset_vehicle_single\sample_00211.npz,vehicle,212,1,279.3164692602282,9.802501110126496,1.7744804856161986,1,112,1
212,./learn_dataset_vehicle_single\sample_00212.npz,vehicle,213,1,279.2184449494696,9.802361016999852,1.776413354664785,1,112,1
213,./learn_dataset_vehicle_single\sample_00213.npz,vehicle,214,1,279.1204220403803,9.802220776250415,1.7783476244660537,1,112,1
214,./learn_dataset_vehicle_single\sample_00214.npz,vehicle,215,1,279.0224005344374,9.802080387672824,1.7802832965388355,1,111,1
215,./learn_dataset_vehicle_single\sample_00215.npz,vehicle,216,1,278.92438043312023,9.801939851061357,1.78222037240415,1,111,1
216,./learn_dataset_vehicle_single\sample_00216.npz,vehicle,217,1,278.8263617379103,9.801799166209939,1.7841588535852086,1,111,1
217,./learn_dataset_vehicle_single\sample_00217.npz,vehicle,218,1,278.7283444502909,9.801658332912144,1.7860987416074263,1,111,1
218,./learn_dataset_vehicle_single\sample_00218.npz,vehicle,219,1,278.63032857174755,9.801517350961186,1.788040037998412,1,110,1
219,./learn_dataset_vehicle_single\sample_00219.npz,vehicle,220,1,278.5323141037679,9.801376220149924,1.7899827442879892,1,110,1
220,./learn_dataset_vehicle_single\sample_00220.npz,vehicle,221,1,278.4343010478414,9.801234940270865,1.7919268620081859,1,110,1
221,./learn_dataset_vehicle_single\sample_00221.npz,vehicle,222,1,278.33628940546004,9.801093511116147,1.7938723926932443,1,110,1
222,./learn_dataset_vehicle_single\sample_00222.npz,vehicle,223,1,278.2382791781174,9.800951932477558,1.7958193378796268,1,109,1
223,./learn_dataset_vehicle_single\sample_00223.npz,vehicle,224,1,278.1402703673095,9.800810204146524,1.7977676991060159,1,109,1
224,./learn_dataset_vehicle_single\sample_00224.npz,vehicle,225,1,278.04226297453414,9.800668325914117,1.7997174779133225,1,109,1
225,./learn_dataset_vehicle_single\sample_00225.npz,vehicle,226,1,277.94425700129153,9.800526297571036,1.8016686758446838,1,109,1
226,./learn_dataset_vehicle_single\sample_00226.npz,vehicle,227,1,277.8462524490838,9.800384118907626,1.8036212944454728,1,108,1
227,./learn_dataset_vehicle_single\sample_00227.npz,vehicle,228,1,277.74824931941515,9.800241789713873,1.8055753352633024,1,108,1
228,./learn_dataset_vehicle_single\sample_00228.npz,vehicle,229,1,277.65024761379203,9.80009930977939,1.8075307998480226,1,108,1
229,./learn_dataset_vehicle_single\sample_00229.npz,vehicle,230,1,277.55224733372273,9.79995667889344,1.809487689751736,1,108,1
230,./learn_dataset_vehicle_single\sample_00230.npz,vehicle,231,1,277.454248480718,9.799813896844906,1.8114460065287894,1,107,1
231,./learn_dataset_vehicle_single\sample_00231.npz,vehicle,232,1,277.35625105629043,9.799670963422319,1.8134057517357867,1,107,1
232,./learn_dataset_vehicle_single\sample_00232.npz,vehicle,233,1,277.2582550619548,9.799527878413835,1.815366926931591,1,107,1
233,./learn_dataset_vehicle_single\sample_00233.npz,vehicle,234,1,277.1602604992282,9.799384641607245,1.8173295336773234,1,107,1
234,./learn_dataset_vehicle_single\sample_00234.npz,vehicle,235,1,277.0622673696294,9.799241252789981,1.8192935735363793,1,106,1
235,./learn_dataset_vehicle_single\sample_00235.npz,vehicle,236,1,276.96427567467975,9.799097711749095,1.8212590480744162,1,106,1
236,./learn_dataset_vehicle_single\sample_00236.npz,vehicle,237,1,276.86628541590255,9.798954018271274,1.8232259588593702,1,106,1
237,./learn_dataset_vehicle_single\sample_00237.npz,vehicle,238,1,276.76829659482314,9.798810172142842,1.8251943074614583,1,106,1
238,./learn_dataset_vehicle_single\sample_00238.npz,vehicle,239,1,276.67030921296924,9.798666173149737,1.8271640954531745,1,105,1
239,./learn_dataset_vehicle_single\sample_00239.npz,vehicle,240,1,276.5723232718704,9.798522021077545,1.8291353244093067,1,105,1
240,./learn_dataset_vehicle_single\sample_00240.npz,vehicle,241,1,276.4743387730586,9.798377715711466,1.8311079959069299,1,105,1
241,./learn_dataset_vehicle_single\sample_00241.npz,vehicle,242,1,276.3763557180679,9.798233256836328,1.833082111525413,1,104,1
242,./learn_dataset_vehicle_single\sample_00242.npz,vehicle,243,1,276.2783741084343,9.798088644236595,1.8350576728464298,1,104,1
243,./learn_dataset_vehicle_single\sample_00243.npz,vehicle,244,1,276.1803939456963,9.797943877696344,1.837034681453953,1,104,1
244,./learn_dataset_vehicle_single\sample_00244.npz,vehicle,245,1,276.0824152313943,9.79779895699929,1.839013138934267,1,104,1
245,./learn_dataset_vehicle_single\sample_00245.npz,vehicle,246,1,275.98443796707085,9.797653881928765,1.8409930468759639,1,103,1
246,./learn_dataset_vehicle_single\sample_00246.npz,vehicle,247,1,275.886462154271,9.797508652267716,1.842974406869954,1,103,1
247,./learn_dataset_vehicle_single\sample_00247.npz,vehicle,248,1,275.78848779454154,9.797363267798731,1.844957220509472,1,103,1
248,./learn_dataset_vehicle_single\sample_00248.npz,vehicle,249,1,275.69051488943177,9.797217728304004,1.8469414893900702,1,103,1
249,./learn_dataset_vehicle_single\sample_00249.npz,vehicle,250,1,275.592543440493,9.797072033565358,1.848927215109635,1,102,1
250,./learn_dataset_vehicle_single\sample_00250.npz,vehicle,251,1,275.4945734492787,9.796926183364237,1.850914399268385,1,102,1
251,./learn_dataset_vehicle_single\sample_00251.npz,vehicle,252,1,275.39660491734463,9.796780177481695,1.8529030434688736,1,102,1
252,./learn_dataset_vehicle_single\sample_00252.npz,vehicle,253,1,275.2986378462487,9.796634015698418,1.8548931493160012,1,102,1
253,./learn_dataset_vehicle_single\sample_00253.npz,vehicle,254,1,275.2006722375511,9.796487697794698,1.8568847184170068,1,101,1
254,./learn_dataset_vehicle_single\sample_00254.npz,vehicle,255,1,275.10270809281394,9.796341223550453,1.8588777523814874,1,101,1
255,./learn_dataset_vehicle_single\sample_00255.npz,vehicle,256,1,275.0047454136019,9.796194592745211,1.8608722528213892,1,101,1
256,./learn_dataset_vehicle_single\sample_00256.npz,vehicle,257,1,274.9067842014817,9.796047805158114,1.8628682213510177,1,101,1
257,./learn_dataset_vehicle_single\sample_00257.npz,vehicle,258,1,274.8088244580221,9.79590086056793,1.8648656595870456,1,100,1
258,./learn_dataset_vehicle_single\sample_00258.npz,vehicle,259,1,274.7108661847944,9.79575375875303,1.866864569148507,1,100,1
259,./learn_dataset_vehicle_single\sample_00259.npz,vehicle,260,1,274.61290938337186,9.795606499491399,1.8688649516568125,1,100,1
260,./learn_dataset_vehicle_single\sample_00260.npz,vehicle,261,1,274.51495405533007,9.795459082560642,1.8708668087357472,1,100,1
261,./learn_dataset_vehicle_single\sample_00261.npz,vehicle,262,1,274.4170002022469,9.795311507737962,1.8728701420114746,1,99,1
262,./learn_dataset_vehicle_single\sample_00262.npz,vehicle,263,1,274.3190478257024,9.795163774800187,1.8748749531125477,1,99,1
263,./learn_dataset_vehicle_single\sample_00263.npz,vehicle,264,1,274.2210969272787,9.795015883523746,1.8768812436699025,1,99,1
264,./learn_dataset_vehicle_single\sample_00264.npz,vehicle,265,1,274.12314750856046,9.794867833684682,1.8788890153168745,1,99,1
265,./learn_dataset_vehicle_single\sample_00265.npz,vehicle,266,1,274.0251995711343,9.794719625058642,1.880898269689193,1,98,1
266,./learn_dataset_vehicle_single\sample_00266.npz,vehicle,267,1,273.9272531165893,9.79457125742088,1.8829090084249904,1,98,1
267,./learn_dataset_vehicle_single\sample_00267.npz,vehicle,268,1,273.82930814651667,9.794422730546264,1.8849212331648075,1,98,1
268,./learn_dataset_vehicle_single\sample_00268.npz,vehicle,269,1,273.73136466251,9.794274044209255,1.8869349455515931,1,98,1
269,./learn_dataset_vehicle_single\sample_00269.npz,vehicle,270,1,273.6334226661648,9.794125198183936,1.888950147230716,1,97,1
270,./learn_dataset_vehicle_single\sample_00270.npz,vehicle,271,1,273.5354821590793,9.793976192243978,1.8909668398499597,1,97,1
271,./learn_dataset_vehicle_single\sample_00271.npz,vehicle,272,1,273.43754314285377,9.793827026162662,1.8929850250595348,1,97,1
272,./learn_dataset_vehicle_single\sample_00272.npz,vehicle,273,1,273.3396056190906,9.793677699712877,1.8950047045120821,1,97,1
273,./learn_dataset_vehicle_single\sample_00273.npz,vehicle,274,1,273.2416695893948,9.7935282126671,1.8970258798626716,1,96,1
274,./learn_dataset_vehicle_single\sample_00274.npz,vehicle,275,1,273.1437350553734,9.793378564797422,1.8990485527688152,1,96,1
275,./learn_dataset_vehicle_single\sample_00275.npz,vehicle,276,1,273.0458020186357,9.79322875587553,1.9010727248904642,1,96,1
276,./learn_dataset_vehicle_single\sample_00276.npz,vehicle,277,1,272.9478704807935,9.793078785672705,1.9030983978900164,1,95,1
277,./learn_dataset_vehicle_single\sample_00277.npz,vehicle,278,1,272.8499404434606,9.792928653959837,1.905125573432325,1,95,1
278,./learn_dataset_vehicle_single\sample_00278.npz,vehicle,279,1,272.75201190825345,9.792778360507397,1.9071542531846917,1,95,1
279,./learn_dataset_vehicle_single\sample_00279.npz,vehicle,280,1,272.65408487679036,9.792627905085471,1.9091844388168868,1,95,1
280,./learn_dataset_vehicle_single\sample_00280.npz,vehicle,281,1,272.5561593506923,9.792477287463731,1.9112161320011383,1,94,1
281,./learn_dataset_vehicle_single\sample_00281.npz,vehicle,282,1,272.4582353315825,9.792326507411442,1.913249334412146,1,94,1
282,./learn_dataset_vehicle_single\sample_00282.npz,vehicle,283,1,272.3603128210863,9.792175564697468,1.9152840477270847,1,94,1
283,./learn_dataset_vehicle_single\sample_00283.npz,vehicle,284,1,272.26239182083157,9.792024459090264,1.9173202736256052,1,94,1
284,./learn_dataset_vehicle_single\sample_00284.npz,vehicle,285,1,272.16447233244827,9.791873190357883,1.919358013789844,1,93,1
285,./learn_dataset_vehicle_single\sample_00285.npz,vehicle,286,1,272.0665543575689,9.79172175826796,1.9213972699044228,1,93,1
286,./learn_dataset_vehicle_single\sample_00286.npz,vehicle,287,1,271.9686378978282,9.791570162587725,1.9234380436564547,1,93,1
287,./learn_dataset_vehicle_single\sample_00287.npz,vehicle,288,1,271.8707229548632,9.791418403084004,1.9254803367355542,1,93,1
288,./learn_dataset_vehicle_single\sample_00288.npz,vehicle,289,1,271.7728095303134,9.791266479523197,1.92752415083383,1,92,1
289,./learn_dataset_vehicle_single\sample_00289.npz,vehicle,290,1,271.6748976258204,9.79111439167131,1.9295694876459033,1,92,1
290,./learn_dataset_vehicle_single\sample_00290.npz,vehicle,291,1,271.5769872430283,9.790962139293926,1.9316163488689024,1,92,1
291,./learn_dataset_vehicle_single\sample_00291.npz,vehicle,292,1,271.4790783835837,9.790809722156212,1.9336647362024701,1,92,1
292,./learn_dataset_vehicle_single\sample_00292.npz,vehicle,293,1,271.3811710491352,9.790657140022931,1.9357146513487706,1,91,1
293,./learn_dataset_vehicle_single\sample_00293.npz,vehicle,294,1,271.28326524133405,9.790504392658418,1.9377660960124932,1,91,1
294,./learn_dataset_vehicle_single\sample_00294.npz,vehicle,295,1,271.1853609618336,9.790351479826606,1.9398190719008552,1,91,1
295,./learn_dataset_vehicle_single\sample_00295.npz,vehicle,296,1,271.08745821228985,9.790198401290997,1.9418735807236078,1,91,1
296,./learn_dataset_vehicle_single\sample_00296.npz,vehicle,297,1,270.98955699436095,9.790045156814683,1.943929624193039,1,90,1
297,./learn_dataset_vehicle_single\sample_00297.npz,vehicle,298,1,270.89165730970745,9.789891746160338,1.9459872040239845,1,90,1
298,./learn_dataset_vehicle_single\sample_00298.npz,vehicle,299,1,270.7937591599925,9.78973816909021,1.9480463219338215,1,90,1
299,./learn_dataset_vehicle_single\sample_00299.npz,vehicle,300,1,270.6958625468812,9.789584425366135,1.9501069796424877,1,90,1
