n_train_a,n_guard_a,n_train_d,n_guard_d,n_train_r,n_guard_r,pfa,precision,recall,f1,tp,fp,fn
1,1,1,1,5,2,0.01,0.010372594513443429,0.76,0.020465867779722636,152,14502,48
1,1,1,1,5,2,0.003,0.014586882453151618,0.685,0.028565471226021683,137,9255,63
1,1,1,1,5,2,0.001,0.019179791049430843,0.615,0.03719945561772267,123,6290,77
1,1,1,1,5,2,0.0003,0.024301854615220636,0.57,0.04661623389899816,114,4577,86
1,1,1,1,5,2,0.0001,0.027462836986646512,0.545,0.05229071719836892,109,3860,91
1,1,1,1,5,2,3e-05,0.029829545454545456,0.525,0.05645161290322582,105,3415,95
1,1,1,1,5,2,1e-05,0.030860349127182045,0.495,0.058098591549295774,99,3109,101
1,1,1,1,5,3,0.01,0.009791036929951374,0.745,0.019328058113892852,149,15069,51
1,1,1,1,5,3,0.003,0.011983223487118035,0.6,0.023497160759741533,120,9894,80
1,1,1,1,5,3,0.001,0.016395821242019732,0.565,0.031866892272983637,113,6779,87
1,1,1,1,5,3,0.0003,0.021643286573146292,0.54,0.04161849710982659,108,4882,92
1,1,1,1,5,3,0.0001,0.025784480661639502,0.53,0.04917652516817443,106,4005,94
1,1,1,1,5,3,3e-05,0.02863497358910203,0.515,0.054253357914142736,103,3494,97
1,1,1,1,5,3,1e-05,0.030609121518212427,0.5,0.057686760888376126,100,3167,100
1,1,1,2,5,2,0.01,0.011187228961096097,0.89,0.022096704115200795,178,15733,22
1,1,1,2,5,2,0.003,0.014960930055269678,0.785,0.029362259210772398,157,10337,43
1,1,1,2,5,2,0.001,0.019117847876553327,0.7,0.03721919447029111,140,7183,60
1,1,1,2,5,2,0.0003,0.02409860191317145,0.655,0.046486870120652946,131,5305,69
1,1,1,2,5,2,0.0001,0.026481441285001087,0.61,0.05075930934054504,122,4485,78
1,1,1,2,5,2,3e-05,0.028193184604069624,0.575,0.053750876372984334,115,3964,85
1,1,1,2,5,2,1e-05,0.029582673005810883,0.56,0.05619668840943302,112,3674,88
1,1,1,2,5,3,0.01,0.010921293471629042,0.895,0.0215792646172393,179,16211,21
1,1,1,2,5,3,0.003,0.013729563725047422,0.76,0.026971874722739778,152,10919,48
1,1,1,2,5,3,0.001,0.016709511568123392,0.65,0.03258145363408521,130,7650,70
1,1,1,2,5,3,0.0003,0.02046216263891339,0.58,0.03952973249275856,116,5553,84
1,1,1,2,5,3,0.0001,0.023733162283515075,0.555,0.04551978675415214,111,4566,89
1,1,1,2,5,3,3e-05,0.026559454191033137,0.545,0.05065055762081784,109,3995,91
1,1,1,2,5,3,1e-05,0.028209860268916424,0.535,0.0535937891309792,107,3686,93
1,1,2,1,5,2,0.01,0.011891391953491445,0.9,0.023472647845080526,180,14957,20
1,1,2,1,5,2,0.003,0.017286813534310108,0.82,0.03385981211933519,164,9323,36
1,1,2,1,5,2,0.001,0.021781291958824407,0.73,0.042300449080110096,146,6557,54
1,1,2,1,5,2,0.0003,0.025981524249422634,0.675,0.050037064492216454,135,5061,65
1,1,2,1,5,2,0.0001,0.02717510409818102,0.62,0.05206802435439849,124,4439,76
1,1,2,1,5,2,3e-05,0.02822677925211098,0.585,0.05385500575373994,117,4028,83
1,1,2,1,5,2,1e-05,0.029250457038391225,0.56,0.05559692231322909,112,3717,88
1,1,2,1,5,3,0.01,0.011376564277588168,0.9,0.022469104980651602,180,15642,20
1,1,2,1,5,3,0.003,0.015667841754798278,0.8,0.03073376872839032,160,10052,40
1,1,2,1,5,3,0.001,0.019443278780248985,0.695,0.037828275955912365,139,7010,61
1,1,2,1,5,3,0.0003,0.022305529522024366,0.595,0.04299909665763324,119,5216,81
1,1,2,1,5,3,0.0001,0.024691358024691357,0.57,0.04733236454224621,114,4503,86
1,1,2,1,5,3,3e-05,0.02622083233100794,0.545,0.05003442735827404,109,4048,91
1,1,2,1,5,3,1e-05,0.02763429752066116,0.535,0.052554027504911595,107,3765,93
1,1,2,2,5,2,0.01,0.01179464895400087,0.95,0.023300018394751366,190,15919,10
1,1,2,2,5,2,0.003,0.01690568904929243,0.89,0.03318109795880324,178,10351,22
1,1,2,2,5,2,0.001,0.021853607161664033,0.83,0.04258594150846588,166,7430,34
1,1,2,2,5,2,0.0003,0.025029595805851512,0.74,0.04842139702273842,148,5765,52
1,1,2,2,5,2,0.0001,0.026505554472812318,0.68,0.05102232226599138,136,4995,64
1,1,2,2,5,2,3e-05,0.028065630397236616,0.65,0.05380794701986755,130,4502,70
1,1,2,2,5,2,1e-05,0.028637951105937136,0.615,0.054727474972191326,123,4172,77
1,1,2,2,5,3,0.01,0.011532224157607063,0.96,0.02279067006944032,192,16457,8
1,1,2,2,5,3,0.003,0.01606245513280689,0.895,0.03155853314527503,179,10965,21
1,1,2,2,5,3,0.001,0.02031857519127054,0.81,0.03964272604918635,162,7811,38
1,1,2,2,5,3,0.0003,0.023099606815203146,0.705,0.04473350253807107,141,5963,59
1,1,2,2,5,3,0.0001,0.024522108515157365,0.635,0.04722067298754415,127,5052,73
1,1,2,2,5,3,3e-05,0.024978279756733276,0.575,0.04787676935886761,115,4489,85
1,1,2,2,5,3,1e-05,0.02624794937895477,0.56,0.05014551152899037,112,4155,88
1,1,3,1,5,2,0.01,0.012407108239095315,0.96,0.024497607655502393,192,15283,8
1,1,3,1,5,2,0.003,0.018119589289309443,0.9,0.035523978685612786,180,9754,20
1,1,3,1,5,2,0.001,0.02334954829742877,0.84,0.04543610547667343,168,7027,32
1,1,3,1,5,2,0.0003,0.025994147013255295,0.755,0.05025794641371276,151,5658,49
1,1,3,1,5,2,0.0001,0.02706386292834891,0.695,0.052098950524737626,139,4997,61
1,1,3,1,5,2,3e-05,0.028223220012828735,0.66,0.054131638302234976,132,4545,68
1,1,3,1,5,2,1e-05,0.028644028644028645,0.62,0.05475822477368073,124,4205,76
1,1,3,1,5,3,0.01,0.01187034872993419,0.965,0.023452214593839237,193,16066,7
1,1,3,1,5,3,0.003,0.017114220877458397,0.905,0.03359317000742391,181,10395,19
1,1,3,1,5,3,0.001,0.021900664841611264,0.84,0.04268834963791133,168,7503,32
1,1,3,1,5,3,0.0003,0.024426970051865483,0.73,0.04727213857859803,146,5831,54
1,1,3,1,5,3,0.0001,0.02571041948579161,0.665,0.04950679322538619,133,5040,67
1,1,3,1,5,3,3e-05,0.025177533892834086,0.585,0.048277284918506295,117,4530,83
1,1,3,1,5,3,1e-05,0.026497695852534562,0.575,0.05066079295154185,115,4225,85
1,1,3,2,5,2,0.01,0.011962017511407078,0.97,0.023632598367645266,194,16024,6
1,1,3,2,5,2,0.003,0.017450541246733856,0.935,0.034261634298277756,187,10529,13
1,1,3,2,5,2,0.001,0.022311356229631485,0.89,0.04353142577647347,178,7800,22
1,1,3,2,5,2,0.0003,0.025716498838109992,0.83,0.049887302779864764,166,6289,34
1,1,3,2,5,2,0.0001,0.026936619718309858,0.765,0.05204081632653061,153,5527,47
1,1,3,2,5,2,3e-05,0.027886115444617783,0.715,0.053678678678678676,143,4985,57
1,1,3,2,5,2,1e-05,0.028746565208201225,0.68,0.05516122490367066,136,4595,64
1,1,3,2,5,3,0.01,0.011444752521975105,0.97,0.02262258760422133,194,16757,6
1,1,3,2,5,3,0.003,0.01694915254237288,0.955,0.03330717586537623,191,11078,9
1,1,3,2,5,3,0.001,0.021537721092527974,0.895,0.04206321231347668,179,8132,21
1,1,3,2,5,3,0.0003,0.02532221379833207,0.835,0.04915378955114054,167,6428,33
1,1,3,2,5,3,0.0001,0.025917550878413638,0.745,0.0500924525130274,149,5600,51
1,1,3,2,5,3,3e-05,0.026244167962674963,0.675,0.05052395209580839,135,5009,65
1,1,3,2,5,3,1e-05,0.026265621690319846,0.62,0.05039626092257671,124,4597,76
1,1,5,1,5,2,0.01,0.012372175230400202,0.98,0.02443585587831941,196,15646,4
1,1,5,1,5,2,0.003,0.018227943249083906,0.97,0.03578345476344186,194,10449,6
1,1,5,1,5,2,0.001,0.02266152362584378,0.94,0.044256120527306965,188,8108,12
1,1,5,1,5,2,0.0003,0.02609830361026533,0.9,0.05072565872904044,180,6717,20
1,1,5,1,5,2,0.0001,0.027768756089639492,0.855,0.05379050015728216,171,5987,29
1,1,5,1,5,2,3e-05,0.028664142779881017,0.795,0.055333217330781274,159,5388,41
1,1,5,1,5,2,1e-05,0.02919851067999216,0.745,0.05619460682632472,149,4954,51
1,1,5,1,5,3,0.01,0.011898290753155766,0.985,0.023512561914423823,197,16360,3
1,1,5,1,5,3,0.003,0.017187915300788517,0.97,0.03377731348480891,194,11093,6
1,1,5,1,5,3,0.001,0.022370578589833684,0.955,0.043717097734035246,191,8347,9
1,1,5,1,5,3,0.0003,0.025805531793555745,0.905,0.050180205156639866,181,6833,19
1,1,5,1,5,3,0.0001,0.027741935483870966,0.86,0.05375,172,6028,28
1,1,5,1,5,3,3e-05,0.02832205201282508,0.795,0.054695562435500514,159,5455,41
1,1,5,1,5,3,1e-05,0.02827613104524181,0.725,0.054429429429429424,145,4983,55
1,1,5,2,5,2,0.01,0.012076852698993596,0.99,0.023862609219644473,198,16197,2
1,1,5,2,5,2,0.003,0.01734931139331068,0.97,0.034088912317694606,194,10988,6
1,1,5,2,5,2,0.001,0.02187712536839719,0.965,0.04278430503214365,193,8629,7
1,1,5,2,5,2,0.0003,0.024922118380062305,0.92,0.04852960569695371,184,7199,16
1,1,5,2,5,2,0.0001,0.026924822265920436,0.89,0.052268389370136545,178,6433,22
1,1,5,2,5,2,3e-05,0.028763666947014297,0.855,0.05565500406834825,171,5774,29
1,1,5,2,5,2,1e-05,0.029777128242601387,0.815,0.057455058160028195,163,5311,37
1,1,5,2,5,3,0.01,0.011670185315505512,0.995,0.02306978900996986,199,16853,1
1,1,5,2,5,3,0.003,0.016600321842974507,0.98,0.03264762222037145,196,11611,4
1,1,5,2,5,3,0.001,0.02132596685082873,0.965,0.04172972972972972,193,8857,7
1,1,5,2,5,3,0.0003,0.025363769857161926,0.95,0.04940839942790274,190,7301,10
1,1,5,2,5,3,0.0001,0.027002564489364913,0.895,0.052423488065602576,179,6450,21
1,1,5,2,5,3,3e-05,0.028352234823215475,0.85,0.054874112330535824,170,5826,30
1,1,5,2,5,3,1e-05,0.02871591114321835,0.795,0.0554296670733833,159,5378,41
2,1,1,1,5,2,0.01,0.01073853401690453,0.775,0.021183545168785022,155,14279,45
2,1,1,1,5,2,0.003,0.014642082429501085,0.675,0.02866242038216561,135,9085,65
2,1,1,1,5,2,0.001,0.01958266452648475,0.61,0.037947122861586316,122,6108,78
2,1,1,1,5,2,0.0003,0.02534768954688201,0.565,0.048518677544010305,113,4345,87
2,1,1,1,5,2,0.0001,0.028442317916002127,0.535,0.05401312468450278,107,3655,93
2,1,1,1,5,2,3e-05,0.030773827308037047,0.515,0.05807724837891176,103,3244,97
2,1,1,1,5,2,1e-05,0.03179860881086453,0.48,0.05964585274930104,96,2923,104
2,1,1,1,5,3,0.01,0.010171519744714799,0.765,0.020076105497966148,153,14889,47
2,1,1,1,5,3,0.003,0.01247987117552335,0.62,0.0244672454617206,124,9812,76
2,1,1,1,5,3,0.001,0.016888888888888887,0.57,0.03280575539568346,114,6636,86
2,1,1,1,5,3,0.0003,0.02262727844123193,0.54,0.04343454655137744,108,4665,92
2,1,1,1,5,3,0.0001,0.02681992337164751,0.525,0.05103280680437424,105,3810,95
2,1,1,1,5,3,3e-05,0.02972336668628605,0.505,0.05614230127848805,101,3297,99
2,1,1,1,5,3,1e-05,0.03241491085899514,0.5,0.060882800608828,100,2985,100
2,1,1,2,5,2,0.01,0.011449154177654852,0.89,0.022607480789991745,178,15369,22
2,1,1,2,5,2,0.003,0.015608128006282517,0.795,0.030615192067006834,159,10028,41
2,1,1,2,5,2,0.001,0.019966254218222724,0.71,0.038840262582056896,142,6970,58
2,1,1,2,5,2,0.0003,0.025289979083475946,0.665,0.04872687305367283,133,5126,67
2,1,1,2,5,2,0.0001,0.026863666890530557,0.6,0.051424898221555604,120,4347,80
2,1,1,2,5,2,3e-05,0.028672032193158954,0.57,0.05459770114942528,114,3862,86
2,1,1,2,5,2,1e-05,0.03048613018401538,0.555,0.05779744858109868,111,3530,89
2,1,1,2,5,3,0.01,0.01123946300343428,0.9,0.022201665124884366,180,15835,20
2,1,1,2,5,3,0.003,0.01466519092418373,0.795,0.028799130592284006,159,10683,41
2,1,1,2,5,3,0.001,0.017932489451476793,0.68,0.03494347379239466,136,7448,64
2,1,1,2,5,3,0.0003,0.02114087843994897,0.58,0.040794795146826095,116,5371,84
2,1,1,2,5,3,0.0001,0.024745912505523642,0.56,0.047397376216673726,112,4414,88
2,1,1,2,5,3,3e-05,0.02738005526249686,0.545,0.052140636211432674,109,3872,91
2,1,1,2,5,3,1e-05,0.02896174863387978,0.53,0.05492227979274611,106,3554,94
2,1,2,1,5,2,0.01,0.012106213631195238,0.905,0.02389281235562009,181,14770,19
2,1,2,1,5,2,0.003,0.017580797978734602,0.835,0.03443653984946902,167,9332,33
2,1,2,1,5,2,0.001,0.021654135338345863,0.72,0.04204379562043796,144,6506,56
2,1,2,1,5,2,0.0003,0.02619324796274738,0.675,0.05042958535674262,135,5019,65
2,1,2,1,5,2,0.0001,0.027244305493523895,0.61,0.05215904232578025,122,4356,78
2,1,2,1,5,2,3e-05,0.028330019880715707,0.57,0.05397727272727273,114,3910,86
2,1,2,1,5,2,1e-05,0.03039348710990502,0.56,0.05765765765765766,112,3573,88
2,1,2,1,5,3,0.01,0.011721001729328124,0.915,0.023145513185353826,183,15430,17
2,1,2,1,5,3,0.003,0.015698127925117003,0.805,0.03079571537872991,161,10095,39
2,1,2,1,5,3,0.001,0.019225410977988296,0.69,0.0374085117918135,138,7040,62
2,1,2,1,5,3,0.0003,0.022577610536218252,0.6,0.04351767905711696,120,5195,80
2,1,2,1,5,3,0.0001,0.02542560247623259,0.575,0.04869786152868939,115,4408,85
2,1,2,1,5,3,3e-05,0.027194066749072928,0.55,0.05182567726737338,110,3935,90
2,1,2,1,5,3,1e-05,0.028425851434700992,0.53,0.05395775006362942,106,3623,94
2,1,2,2,5,2,0.01,0.012096012096012096,0.96,0.023890997324706027,192,15681,8
2,1,2,2,5,2,0.003,0.017191423604404094,0.89,0.03373128671593708,178,10176,22
2,1,2,2,5,2,0.001,0.022502009107956068,0.84,0.04382989825202191,168,7298,32
2,1,2,2,5,2,0.0003,0.025513698630136986,0.745,0.04933774834437086,149,5691,51
2,1,2,2,5,2,0.0001,0.02697419859265051,0.69,0.05191873589164786,138,4978,62
2,1,2,2,5,2,3e-05,0.028328611898016998,0.65,0.054291083733556074,130,4459,70
2,1,2,2,5,2,1e-05,0.029137807499402913,0.61,0.055618873945748805,122,4065,78
2,1,2,2,5,3,0.01,0.011641302370702723,0.96,0.02300365422632241,192,16301,8
2,1,2,2,5,3,0.003,0.01649052478134111,0.905,0.03239083750894775,181,10795,19
2,1,2,2,5,3,0.001,0.02097813724251232,0.83,0.04092197707383212,166,7747,34
2,1,2,2,5,3,0.0003,0.02368726188504224,0.715,0.045855379188712526,143,5894,57
2,1,2,2,5,3,0.0001,0.025126606934164394,0.645,0.04836895388076491,129,5005,71
2,1,2,2,5,3,3e-05,0.025405168637757335,0.58,0.048678136802349975,116,4450,84
2,1,2,2,5,3,1e-05,0.027065868263473052,0.565,0.05165714285714286,113,4062,87
2,1,3,1,5,2,0.01,0.012395893860158822,0.96,0.024475747338899866,192,15297,8
2,1,3,1,5,2,0.003,0.018258852012508826,0.905,0.035795510728764954,181,9732,19
2,1,3,1,5,2,0.001,0.023697339246119734,0.855,0.04611650485436893,171,7045,29
2,1,3,1,5,2,0.0003,0.026156244586869912,0.755,0.05056085719069144,151,5622,49
2,1,3,1,5,2,0.0001,0.02683258798366712,0.69,0.05165637282425603,138,5005,62
2,1,3,1,5,2,3e-05,0.02857761420220827,0.66,0.054783150031126784,132,4487,68
2,1,3,1,5,2,1e-05,0.028882575757575756,0.61,0.05515370705244122,122,4102,78
2,1,3,1,5,3,0.01,0.0119283065512979,0.965,0.023565323565323565,193,15987,7
2,1,3,1,5,3,0.003,0.017329545454545455,0.915,0.03401486988847584,183,10377,17
2,1,3,1,5,3,0.001,0.02178734507501631,0.835,0.042466624284806104,167,7498,33
2,1,3,1,5,3,0.0003,0.02469758064516129,0.735,0.04778933680104031,147,5805,53
2,1,3,1,5,3,0.0001,0.02580019398642095,0.665,0.04967320261437908,133,5022,67
2,1,3,1,5,3,3e-05,0.025308241401687217,0.585,0.04851752021563343,117,4506,83
2,1,3,1,5,3,1e-05,0.027238275698720987,0.575,0.05201266395296247,115,4107,85
2,1,3,2,5,2,0.01,0.012041462354912793,0.97,0.023787627981117037,194,15917,6
2,1,3,2,5,2,0.003,0.017896032572673044,0.945,0.035126846947309734,189,10372,11
2,1,3,2,5,2,0.001,0.02288620470438652,0.9,0.044637321760694355,180,7685,20
2,1,3,2,5,2,0.0003,0.02666043030869972,0.855,0.051708497127305714,171,6243,29
2,1,3,2,5,2,0.0001,0.0272180982679392,0.77,0.05257767156025948,154,5504,46
2,1,3,2,5,2,3e-05,0.02807224185316058,0.715,0.05402342274272762,143,4951,57
2,1,3,2,5,2,1e-05,0.028864656831302116,0.675,0.05536190280910396,135,4542,65
2,1,3,2,5,3,0.01,0.011560693641618497,0.97,0.022849066603851362,194,16587,6
2,1,3,2,5,3,0.003,0.017202759609354,0.96,0.03379984156324267,192,10969,8
2,1,3,2,5,3,0.001,0.022141119221411192,0.91,0.04323040380047506,182,8038,18
2,1,3,2,5,3,0.0003,0.02541470095875818,0.835,0.049328016541131295,167,6404,33
2,1,3,2,5,3,0.0001,0.02676228791324121,0.765,0.051715396315700525,153,5564,47
2,1,3,2,5,3,3e-05,0.02700587084148728,0.69,0.0519774011299435,138,4972,62
2,1,3,2,5,3,1e-05,0.02678380115706021,0.625,0.051366344770906104,125,4542,75
2,1,5,1,5,2,0.01,0.012400856099710436,0.985,0.024493348253139372,197,15689,3
2,1,5,1,5,2,0.003,0.018214252182893624,0.97,0.035757073080822044,194,10457,6
2,1,5,1,5,2,0.001,0.023054403513051963,0.945,0.04501071683734222,189,8009,11
2,1,5,1,5,2,0.0003,0.02635794378913645,0.905,0.05122399886797792,181,6686,19
2,1,5,1,5,2,0.0001,0.027881342194845192,0.86,0.054011618778458156,172,5997,28
2,1,5,1,5,2,3e-05,0.02867513611615245,0.79,0.0553415061295972,158,5352,42
2,1,5,1,5,2,1e-05,0.029353821907013397,0.745,0.05648218347232752,149,4927,51
2,1,5,1,5,3,0.01,0.011862467634130186,0.985,0.023442613196882248,197,16410,3
2,1,5,1,5,3,0.003,0.01709628842235805,0.965,0.033597353990773786,193,11096,7
2,1,5,1,5,3,0.001,0.022552839768567718,0.955,0.04406505940708271,191,8278,9
2,1,5,1,5,3,0.0003,0.026342306031380453,0.915,0.05121029802714425,183,6764,17
2,1,5,1,5,3,0.0001,0.027984471044969265,0.865,0.054214979630209964,173,6009,27
2,1,5,1,5,3,3e-05,0.02866869736606343,0.8,0.055353745026811965,160,5421,40
2,1,5,1,5,3,1e-05,0.028240831535595215,0.72,0.0543498773353463,144,4955,56
2,1,5,2,5,2,0.01,0.01212047012732615,0.99,0.023947750362844706,198,16138,2
2,1,5,2,5,2,0.003,0.017335848378693973,0.965,0.03405982528897909,193,10940,7
2,1,5,2,5,2,0.001,0.022171165996553704,0.965,0.0433464345873105,193,8512,7
2,1,5,2,5,2,0.0003,0.02550811621879689,0.935,0.049661399548532735,187,7144,13
2,1,5,2,5,2,0.0001,0.027301683603822235,0.9,0.05299573089945532,180,6413,20
2,1,5,2,5,2,3e-05,0.02899527983816588,0.86,0.05609915198956295,172,5760,28
2,1,5,2,5,2,1e-05,0.030040545521562847,0.815,0.057945254177035194,163,5263,37
2,1,5,2,5,3,0.01,0.01177093755517627,1.0,0.02326798906404514,200,16791,0
2,1,5,2,5,3,0.003,0.016753568681083852,0.98,0.032943944869316746,196,11503,4
2,1,5,2,5,3,0.001,0.021588366890380312,0.965,0.04223194748358862,193,8747,7
2,1,5,2,5,3,0.0003,0.025689561925365062,0.95,0.050026329647182725,190,7206,10
2,1,5,2,5,3,0.0001,0.027391041162227604,0.905,0.053172737955346654,181,6427,19
2,1,5,2,5,3,3e-05,0.02829398961995647,0.845,0.054754576381014095,169,5804,31
2,1,5,2,5,3,1e-05,0.029143897996357013,0.8,0.056239015817223195,160,5330,40
3,1,1,1,5,2,0.01,0.011115685467270481,0.81,0.021930418302423173,162,14412,38
3,1,1,1,5,2,0.003,0.0146325946347153,0.69,0.02865746028449797,138,9293,62
3,1,1,1,5,2,0.001,0.01932367149758454,0.62,0.03747922019041862,124,6293,76
3,1,1,1,5,2,0.0003,0.024939306996248068,0.565,0.04777002747833439,113,4418,87
3,1,1,1,5,2,0.0001,0.028556178275954098,0.535,0.054218393716746895,107,3640,93
3,1,1,1,5,2,3e-05,0.031127228770021154,0.515,0.058706184098033624,103,3206,97
3,1,1,1,5,2,1e-05,0.032021347565043365,0.48,0.060037523452157605,96,2902,104
3,1,1,1,5,3,0.01,0.01050475687103594,0.795,0.020735524256651018,159,14977,41
3,1,1,1,5,3,0.003,0.012695600826690287,0.645,0.024901071325161665,129,10032,71
3,1,1,1,5,3,0.001,0.016702663786897047,0.58,0.0324702589223233,116,6829,84
3,1,1,1,5,3,0.0003,0.0222858311183807,0.545,0.042820663916715775,109,4782,91
3,1,1,1,5,3,0.0001,0.026625704045058884,0.52,0.050657574281539205,104,3802,96
3,1,1,1,5,3,3e-05,0.030032708890871247,0.505,0.05669379736177378,101,3262,99
3,1,1,1,5,3,1e-05,0.03319093000328623,0.505,0.06228800493370337,101,2942,99
3,1,1,2,5,2,0.01,0.011607028344234962,0.905,0.02292009623907813,181,15413,19
3,1,1,2,5,2,0.003,0.016157120743034055,0.835,0.03170083523158694,167,10169,33
3,1,1,2,5,2,0.001,0.02006872852233677,0.73,0.03906354515050167,146,7129,54
3,1,1,2,5,2,0.0003,0.024785687663063733,0.665,0.047790154509522086,133,5233,67
3,1,1,2,5,2,0.0001,0.02723822281759321,0.61,0.052147894849326776,122,4357,78
3,1,1,2,5,2,3e-05,0.02863659401926001,0.565,0.054510371442354086,113,3833,87
3,1,1,2,5,2,1e-05,0.030420353982300884,0.55,0.057651991614255764,110,3506,90
3,1,1,2,5,3,0.01,0.011494252873563218,0.925,0.022706351641607853,185,15910,15
3,1,1,2,5,3,0.003,0.01464834864889455,0.805,0.028773121258153875,161,10830,39
3,1,1,2,5,3,0.001,0.01789853206283801,0.695,0.03489831785086618,139,7627,61
3,1,1,2,5,3,0.0003,0.021314387211367674,0.6,0.0411663807890223,120,5510,80
3,1,1,2,5,3,0.0001,0.025142107564494972,0.575,0.048177628822790114,115,4459,85
3,1,1,2,5,3,3e-05,0.027721774193548387,0.55,0.052783109404990404,110,3858,90
3,1,1,2,5,3,1e-05,0.029371016902188973,0.53,0.0556576529272775,106,3503,94
3,1,2,1,5,2,0.01,0.012216865878623787,0.925,0.024115231701753243,185,14958,15
3,1,2,1,5,2,0.003,0.017434747145187602,0.855,0.0341726618705036,171,9637,29
3,1,2,1,5,2,0.001,0.02146355517142034,0.745,0.0417250070008401,149,6793,51
3,1,2,1,5,2,0.0003,0.025983951089033244,0.68,0.05005520794994479,136,5098,64
3,1,2,1,5,2,0.0001,0.02784584539986634,0.625,0.05331627212625293,125,4364,75
3,1,2,1,5,2,3e-05,0.0286144578313253,0.57,0.05449330783938814,114,3870,86
3,1,2,1,5,2,1e-05,0.030153508771929825,0.55,0.05717255717255718,110,3538,90
3,1,2,1,5,3,0.01,0.01177066194152639,0.93,0.023247094113235847,186,15616,14
3,1,2,1,5,3,0.003,0.015863968842025268,0.835,0.031136384823342966,167,10360,33
3,1,2,1,5,3,0.001,0.019642136418673482,0.73,0.03825494563081357,146,7287,54
3,1,2,1,5,3,0.0003,0.022914757103574702,0.625,0.044208664898320066,125,5330,75
3,1,2,1,5,3,0.0001,0.02538848763405559,0.58,0.0486475152023485,116,4453,84
3,1,2,1,5,3,3e-05,0.027673896783844427,0.555,0.052719069104725715,111,3900,89
3,1,2,1,5,3,1e-05,0.02904109589041096,0.53,0.05506493506493507,106,3544,94
3,1,2,2,5,2,0.01,0.012083646381167042,0.965,0.0238684145436557,193,15779,7
3,1,2,2,5,2,0.003,0.01710775047258979,0.905,0.033580705009276436,181,10399,19
3,1,2,2,5,2,0.001,0.022492480711390088,0.86,0.04383840958328024,172,7475,28
3,1,2,2,5,2,0.0003,0.02528658125421443,0.75,0.04892367906066536,150,5782,50
3,1,2,2,5,2,0.0001,0.02716336825766395,0.7,0.052297347777362724,140,5014,60
3,1,2,2,5,2,3e-05,0.028534088433892397,0.655,0.05468586933834273,131,4460,69
3,1,2,2,5,2,1e-05,0.02906838217774601,0.61,0.05549238116897885,122,4075,78
3,1,2,2,5,3,0.01,0.011719929922068507,0.97,0.023160031039216857,194,16359,6
3,1,2,2,5,3,0.003,0.01652080728701554,0.925,0.032461835409721,185,11013,15
3,1,2,2,5,3,0.001,0.02081024504371383,0.845,0.04062011777430597,169,7952,31
3,1,2,2,5,3,0.0003,0.0244140625,0.75,0.04728877679697352,150,5994,50
3,1,2,2,5,3,0.0001,0.025552353506243995,0.665,0.04921369102682702,133,5072,67
3,1,2,2,5,3,3e-05,0.026218046755516713,0.6,0.05024073686414068,120,4457,80
3,1,2,2,5,3,1e-05,0.02753831417624521,0.575,0.052559414990859234,115,4061,85
3,1,3,1,5,2,0.01,0.012377974861226312,0.97,0.024444024444024444,194,15479,6
3,1,3,1,5,2,0.003,0.01806993553428404,0.925,0.0354474037171872,185,10053,15
3,1,3,1,5,2,0.001,0.02330908111021288,0.865,0.045394909472579376,173,7249,27
3,1,3,1,5,2,0.0003,0.02636502806599762,0.775,0.05099522947853266,155,5724,45
3,1,3,1,5,2,0.0001,0.028030156582254013,0.725,0.05397357156151126,145,5028,55
3,1,3,1,5,2,3e-05,0.02856524561783164,0.66,0.054760423148724334,132,4489,68
3,1,3,1,5,2,1e-05,0.02936301207672271,0.62,0.05607054035722359,124,4099,76
3,1,3,1,5,3,0.01,0.011807169949834821,0.965,0.0233289012450139,193,16153,7
3,1,3,1,5,3,0.003,0.01697559185171591,0.925,0.0333393404216976,185,10713,15
3,1,3,1,5,3,0.001,0.021884882985452245,0.865,0.04268969771745836,173,7732,27
3,1,3,1,5,3,0.0003,0.02551440329218107,0.775,0.04940239043824701,155,5920,45
3,1,3,1,5,3,0.0001,0.026046691105537333,0.675,0.050157904514211406,135,5048,65
3,1,3,1,5,3,3e-05,0.025996533795493933,0.6,0.04983388704318936,120,4496,80
3,1,3,1,5,3,1e-05,0.027218934911242602,0.575,0.05197740112994351,115,4110,85
3,1,3,2,5,2,0.01,0.011896689884731554,0.965,0.023503622967789076,193,16030,7
3,1,3,2,5,2,0.003,0.01774327696146382,0.96,0.03484257326921332,192,10629,8
3,1,3,2,5,2,0.001,0.022650902302426883,0.91,0.044201578627808144,182,7853,18
3,1,3,2,5,2,0.0003,0.026676946800308403,0.865,0.05175766641735228,173,6312,27
3,1,3,2,5,2,0.0001,0.02768529875591379,0.79,0.053495852378533944,158,5549,42
3,1,3,2,5,2,3e-05,0.02854349951124145,0.73,0.054938852304797746,146,4969,54
3,1,3,2,5,2,1e-05,0.02926099957283212,0.685,0.05612453912331012,137,4545,63
3,1,3,2,5,3,0.01,0.01166094471409968,0.985,0.023049023049023048,197,16697,3
3,1,3,2,5,3,0.003,0.01679202378870037,0.96,0.03300670448684889,192,11242,8
3,1,3,2,5,3,0.001,0.021979327551384105,0.925,0.04293837762562377,185,8232,15
3,1,3,2,5,3,0.0003,0.025975975975975975,0.865,0.05043731778425656,173,6487,27
3,1,3,2,5,3,0.0001,0.027561102444097763,0.795,0.05327525548668119,159,5610,41
3,1,3,2,5,3,3e-05,0.026921576277799453,0.69,0.051821254224558765,138,4988,62
3,1,3,2,5,3,1e-05,0.027540563620836893,0.645,0.052825552825552825,129,4555,71
3,1,5,1,5,2,0.01,0.012298900552829369,0.99,0.02429596907785754,198,15901,2
3,1,5,1,5,2,0.003,0.017755811825004575,0.97,0.034873269818443284,194,10732,6
3,1,5,1,5,2,0.001,0.022966507177033493,0.96,0.044859813084112146,192,8168,8
3,1,5,1,5,2,0.0003,0.026415094339622643,0.91,0.051339915373765865,182,6708,18
3,1,5,1,5,2,0.0001,0.02837794259916156,0.88,0.054982817869415807,176,6026,24
3,1,5,1,5,2,3e-05,0.029767274039328884,0.825,0.05746125718265715,165,5378,35
3,1,5,1,5,2,1e-05,0.029562475364603862,0.75,0.05688282138794084,150,4924,50
3,1,5,1,5,3,0.01,0.011838191552647233,0.995,0.023398001175778955,199,16611,1
3,1,5,1,5,3,0.003,0.01683297180043384,0.97,0.033091684434968016,194,11331,6
3,1,5,1,5,3,0.001,0.022150438394093218,0.96,0.04330175913396482,192,8476,8
3,1,5,1,5,3,0.0003,0.026349522859991453,0.925,0.051239440520703505,185,6836,15
3,1,5,1,5,3,0.0001,0.028098908156711625,0.875,0.05444928438083385,175,6053,25
3,1,5,1,5,3,3e-05,0.02907394113424264,0.81,0.05613305613305613,162,5410,38
3,1,5,1,5,3,1e-05,0.029192789968652037,0.745,0.05618401206636501,149,4955,51
3,1,5,2,5,2,0.01,0.012072920439454304,1.0,0.023857807467493736,200,16366,0
3,1,5,2,5,2,0.003,0.017278043593833066,0.975,0.033954379244297395,195,11091,5
3,1,5,2,5,2,0.001,0.02203543843707406,0.97,0.04309195912927589,194,8610,6
3,1,5,2,5,2,0.0003,0.025717379534380077,0.95,0.05007907221929363,190,7198,10
3,1,5,2,5,2,0.0001,0.027341389728096677,0.905,0.053079178885630504,181,6439,19
3,1,5,2,5,2,3e-05,0.02950544844928751,0.88,0.05709651257096513,176,5789,24
3,1,5,2,5,2,1e-05,0.030828872069411112,0.835,0.059462346448281994,167,5250,33
3,1,5,2,5,3,0.01,0.011633317822242903,1.0,0.022999080036798524,200,16992,0
3,1,5,2,5,3,0.003,0.016564365593206086,0.985,0.03258083188621516,197,11696,3
3,1,5,2,5,3,0.001,0.021269561384174563,0.965,0.04162173819279706,193,8881,7
3,1,5,2,5,3,0.0003,0.02553134607672771,0.955,0.04973310766827237,191,7290,9
3,1,5,2,5,3,0.0001,0.027932960893854747,0.925,0.05422834530265279,185,6438,15
3,1,5,2,5,3,3e-05,0.02905811623246493,0.87,0.05623787976729153,174,5814,26
3,1,5,2,5,3,1e-05,0.029717411121239743,0.815,0.0573438874230431,163,5322,37
