No,区分,ブロック,ライン Y[m],速度水準,方向,ファイル名,開始時刻,備考（ふらつき・停止等）,始点コーン frame,中央コーン frame,終点コーン frame,実速度[m/s]
1,背景,-,-,-,-,,,無人30秒（頭）,,,,
2,本測定,1,0.5,中速,離反,,,,,,,
3,本測定,1,0.5,中速,接近,,,,,,,
4,本測定,1,3.5,中速,離反,,,,,,,
5,本測定,1,3.5,中速,接近,,,,,,,
6,本測定,2,0.5,中速,離反,,,,,,,
7,本測定,2,0.5,中速,接近,,,,,,,
8,本測定,2,3.5,中速,離反,,,,,,,
9,本測定,2,3.5,中速,接近,,,,,,,
10,本測定,3,3.5,中速,離反,,,,,,,
11,本測定,3,3.5,中速,接近,,,,,,,
12,本測定,3,0.5,中速,離反,,,,,,,
13,本測定,3,0.5,中速,接近,,,,,,,
14,任意（時間が余れば）,1,3.5,低速,離反,,,,,,,
15,任意（時間が余れば）,1,3.5,低速,接近,,,,,,,
16,任意（時間が余れば）,1,0.5,低速,離反,,,,,,,
17,任意（時間が余れば）,1,0.5,低速,接近,,,,,,,
18,任意（時間が余れば）,2,0.5,低速,離反,,,,,,,
19,任意（時間が余れば）,2,0.5,低速,接近,,,,,,,
20,任意（時間が余れば）,2,3.5,低速,離反,,,,,,,
21,任意（時間が余れば）,2,3.5,低速,接近,,,,,,,
22,任意（時間が余れば）,3,3.5,低速,離反,,,,,,,
23,任意（時間が余れば）,3,3.5,低速,接近,,,,,,,
24,任意（時間が余れば）,3,0.5,低速,離反,,,,,,,
25,任意（時間が余れば）,3,0.5,低速,接近,,,,,,,
26,背景,-,-,-,-,,,無人30秒（尻）,,,,
