frame,t_s,track_id,cls,conf,x1,y1,x2,y2,foot_u,foot_v,X,Y
0,0.0,1.0,cyclist,0.8190715312957764,1428.052734375,1456.28564453125,1612.80908203125,1603.93505859375,1520.430908203125,1603.93505859375,-35.47969068289064,-8.442835091847419
1,0.2,1.0,cyclist,0.7659817934036255,1430.130615234375,1458.8316650390625,1610.743896484375,1603.1025390625,1520.437255859375,1603.1025390625,-36.80724671041387,-8.805428812441908
2,0.4,1.0,cyclist,0.7760978937149048,1429.175537109375,1457.932373046875,1611.2828369140625,1603.3895263671875,1520.2291870117188,1603.3895263671875,-36.463618300109026,-8.707330668562653
3,0.6000000000000001,1.0,cyclist,0.6551104187965393,1430.0728759765625,1457.37109375,1611.6181640625,1602.3421630859375,1520.8455200195312,1602.3421630859375,-37.84357225736926,-9.097087072466156
4,0.8,1.0,cyclist,0.76570063829422,1430.061767578125,1457.5478515625,1611.3179931640625,1602.196044921875,1520.6898803710938,1602.196044921875,-38.206252016689156,-9.192844643820994
5,1.0,1.0,cyclist,0.6637174487113953,1430.1627197265625,1458.0322265625,1611.4666748046875,1602.6358642578125,1520.814697265625,1602.6358642578125,-37.35482676570916,-8.962880820796949
6,1.2000000000000002,1.0,cyclist,0.628640353679657,1430.3668212890625,1458.6910400390625,1610.5360107421875,1602.2418212890625,1520.451416015625,1602.2418212890625,-38.28495850535754,-9.209198876593572
7,1.4000000000000001,1.0,cyclist,0.7910602688789368,1430.38427734375,1458.465576171875,1611.380126953125,1602.6478271484375,1520.8822021484375,1602.6478271484375,-37.29116083693247,-8.94690190654578
8,1.6,1.0,cyclist,0.6501398086547852,1429.90478515625,1457.06494140625,1612.7490234375,1602.7296142578125,1521.326904296875,1602.7296142578125,-36.87245200014103,-8.841702227275137
9,1.8,1.0,cyclist,0.6927891969680786,1429.8228759765625,1457.0634765625,1612.1436767578125,1602.2763671875,1520.9832763671875,1602.2763671875,-37.86822831768369,-9.10676288612017
10,2.0,1.0,cyclist,0.803695797920227,1429.33203125,1456.9813232421875,1612.4488525390625,1602.7359619140625,1520.8904418945312,1602.7359619140625,-37.136393276950194,-8.904778182524216
11,2.2,1.0,cyclist,0.680182933807373,1430.668701171875,1458.900634765625,1611.980712890625,1603.0625,1521.32470703125,1603.0625,-36.328073228915585,-8.692747243804101
12,2.4000000000000004,1.0,cyclist,0.6989358067512512,1428.912109375,1457.958984375,1611.28515625,1602.8509521484375,1520.0986328125,1602.8509521484375,-37.44699116137314,-8.972949574043325
13,2.6,1.0,cyclist,0.5453183650970459,1429.6583251953125,1459.082763671875,1610.6724853515625,1602.634521484375,1520.1654052734375,1602.634521484375,-37.778986553100644,-9.06495416797707
14,2.8000000000000003,1.0,cyclist,0.636579692363739,1428.9658203125,1457.291748046875,1612.4173583984375,1602.835205078125,1520.6915893554688,1602.835205078125,-37.09484158991397,-8.889267943124011
15,3.0,1.0,cyclist,0.6920750141143799,1428.8232421875,1456.09228515625,1613.130126953125,1602.4696044921875,1520.9766845703125,1602.4696044921875,-37.535967601114955,-9.015801699774427
16,3.2,1.0,cyclist,0.5466005802154541,1428.2562255859375,1456.3931884765625,1612.7991943359375,1602.9783935546875,1520.5277099609375,1602.9783935546875,-36.9576097006246,-8.848366842719475
17,3.4000000000000004,1.0,cyclist,0.780884325504303,1428.3001708984375,1456.4156494140625,1612.0914306640625,1602.4197998046875,1520.19580078125,1602.4197998046875,-38.13829462881584,-9.163655342566331
18,3.6,1.0,cyclist,0.6881549954414368,1428.12646484375,1455.8182373046875,1612.483154296875,1602.366455078125,1520.3048095703125,1602.366455078125,-38.16037707545162,-9.172028038129946
19,3.8000000000000003,1.0,cyclist,0.7361495494842529,1429.819580078125,1457.291748046875,1612.27099609375,1602.305908203125,1521.0452880859375,1602.305908203125,-37.775603330293045,-9.08276334948868
20,4.0,1.0,cyclist,0.6888687610626221,1429.139892578125,1456.787109375,1612.3782958984375,1602.4306640625,1520.7590942382812,1602.4306640625,-37.74547103998736,-9.068441582954907
21,4.2,1.0,cyclist,0.6736463904380798,1429.845947265625,1457.1478271484375,1613.0616455078125,1602.831298828125,1521.4537963867188,1602.831298828125,-36.62571880762856,-8.776824225181137
22,4.4,1.0,cyclist,0.6279534697532654,1430.1259765625,1457.4603271484375,1612.6376953125,1602.50927734375,1521.3818359375,1602.50927734375,-37.20791619868085,-8.934615365425222
23,4.6000000000000005,1.0,cyclist,0.6938130259513855,1429.0255126953125,1456.48583984375,1612.88427734375,1602.5662841796875,1520.9548950195312,1602.5662841796875,-37.38382186058169,-8.97375530817386
24,4.800000000000001,1.0,cyclist,0.7118201851844788,1428.8726806640625,1455.3665771484375,1613.38916015625,1602.048583984375,1521.1309204101562,1602.048583984375,-38.17347038056381,-9.193373132740913
25,5.0,1.0,cyclist,0.4900611639022827,1429.851806640625,1456.84375,1612.9176025390625,1602.2957763671875,1521.3847045898438,1602.2957763671875,-37.5715595116721,-9.034158874797333
26,5.2,1.0,cyclist,0.6684016585350037,1429.6531982421875,1457.454345703125,1612.449462890625,1602.496337890625,1521.0513305664062,1602.496337890625,-37.44167712929419,-8.991601778815337
27,5.4,1.0,cyclist,0.8149499297142029,1429.7181396484375,1457.1326904296875,1612.434814453125,1602.098876953125,1521.0764770507812,1602.098876953125,-38.12027259840963,-9.177658729754196
28,5.6000000000000005,1.0,cyclist,0.6978257298469543,1429.41064453125,1457.2410888671875,1612.337646484375,1602.310302734375,1520.8741455078125,1602.310302734375,-37.880654887713064,-9.107831326370126
29,5.800000000000001,1.0,cyclist,0.7193658947944641,1429.736572265625,1456.879150390625,1613.23779296875,1602.4033203125,1521.4871826171875,1602.4033203125,-37.32083419551682,-8.967718145324493
30,6.0,1.0,cyclist,0.7347400784492493,1429.284423828125,1456.7362060546875,1612.7550048828125,1602.2911376953125,1521.0197143554688,1602.2911376953125,-37.81827961051559,-9.093885632754459
31,6.2,1.0,cyclist,0.8284085988998413,1428.74560546875,1455.751220703125,1613.5123291015625,1602.5870361328125,1521.1289672851562,1602.5870361328125,-37.237013764497014,-8.937277361195408
32,6.4,1.0,cyclist,0.6637555956840515,1429.7445068359375,1457.9031982421875,1612.224365234375,1602.701416015625,1520.9844360351562,1602.701416015625,-37.13516410668744,-8.906407566573078
33,6.6000000000000005,1.0,cyclist,0.6822556257247925,1428.979248046875,1458.08349609375,1611.5626220703125,1602.73388671875,1520.2709350585938,1602.73388671875,-37.537251982762825,-9.001224345792604
34,6.800000000000001,1.0,cyclist,0.6765941977500916,1428.9034423828125,1456.8538818359375,1612.547607421875,1602.4075927734375,1520.7255249023438,1602.4075927734375,-37.807887764094,-9.084779811556816
35,7.0,1.0,cyclist,0.5670908689498901,1429.6483154296875,1457.757080078125,1612.1192626953125,1602.2216796875,1520.8837890625,1602.2216796875,-38.03074841807831,-9.1490559074019
36,7.2,1.0,cyclist,0.6772403717041016,1429.91162109375,1457.632568359375,1612.5364990234375,1602.21044921875,1521.2240600585938,1602.21044921875,-37.82514351487744,-9.100113428634137
37,7.4,1.0,cyclist,0.7002142071723938,1428.7110595703125,1456.577880859375,1613.144775390625,1602.5386962890625,1520.9279174804688,1602.5386962890625,-37.448512526419144,-8.990868249663109
38,7.6000000000000005,1.0,cyclist,0.7320648431777954,1428.988037109375,1456.7249755859375,1612.6043701171875,1601.968017578125,1520.7962036132812,1601.968017578125,-38.54585230165424,-9.287925536380563
39,7.800000000000001,1.0,cyclist,0.7529601454734802,1430.1339111328125,1457.424072265625,1613.0894775390625,1602.153564453125,1521.6116943359375,1602.153564453125,-37.67028484261575,-9.06597729622458
40,8.0,1.0,cyclist,0.7782455086708069,1429.82421875,1456.7174072265625,1613.9373779296875,1602.5985107421875,1521.8807983398438,1602.5985107421875,-36.74537709454933,-8.81838370741094
41,8.200000000000001,1.0,cyclist,0.7652034163475037,1428.5537109375,1456.7874755859375,1613.290283203125,1603.1990966796875,1520.9219970703125,1603.1990966796875,-36.35122275744273,-8.690842934714814
42,8.4,1.0,cyclist,0.7346854209899902,1428.958984375,1456.096435546875,1614.31884765625,1603.2418212890625,1521.638916015625,1603.2418212890625,-35.854848397691924,-8.569633937309582
43,8.6,1.0,cyclist,0.7766724228858948,1428.7906494140625,1455.365966796875,1613.7767333984375,1602.3758544921875,1521.28369140625,1602.3758544921875,-37.49883602337059,-9.012132353284787
44,8.8,1.0,cyclist,0.5315221548080444,1429.95068359375,1457.6739501953125,1612.3760986328125,1602.4697265625,1521.1633911132812,1602.4697265625,-37.41514308898942,-8.986707912859579
45,9.0,1.0,cyclist,0.7683489322662354,1429.95068359375,1457.6138916015625,1612.9337158203125,1602.73681640625,1521.4421997070312,1602.73681640625,-36.7886908142428,-8.821175685583274
46,9.200000000000001,1.0,cyclist,0.7612441182136536,1429.45849609375,1456.9012451171875,1613.0908203125,1602.494384765625,1521.274658203125,1602.494384765625,-37.301595396810214,-8.957994160352442
47,9.4,1.0,cyclist,0.8424409031867981,1429.748046875,1457.30517578125,1612.3565673828125,1602.0289306640625,1521.0523071289062,1602.0289306640625,-38.261561126779704,-9.21576601430968
48,9.600000000000001,1.0,cyclist,0.6911682486534119,1429.1829833984375,1455.571044921875,1614.0267333984375,1602.3173828125,1521.6048583984375,1602.3173828125,-37.392183536306554,-8.989716187210053
49,9.8,1.0,cyclist,0.7163951396942139,1429.2747802734375,1455.9990234375,1613.1624755859375,1601.974365234375,1521.2186279296875,1601.974365234375,-38.247276041946954,-9.21544238585125
